id,national_code,name_ar,name_en,governorate_id,region,reason,candidate_source_ids
school-ec72330f85944b803e63,<Null>,مدرسة أم قصة الأساسية المختلطة,ALzowedeen basic girls,PS0150,PS01,no_unambiguous_source_match,
school-287ed56c8bbdc902d9f9,32111097,شهداء خان يونس الأساسية المشتركة,SHOHADAA-KHANYOUN,PS0270,PS02,no_unambiguous_source_match,
school-e2b91fbf237ffc7e8373,32111098,شهداء خان يونس الأساسية للبنات,SHOHADAA-KHANYOUN,PS0270,PS02,no_unambiguous_source_match,
school-c169a98d23e65228061a,32111023,الحاج محمد النجار الثانوية للبنين,KAMAL-NASSER-SEC,PS0270,PS02,no_unambiguous_source_match,
school-c323c5db6f8f61a508c6,32111024,خالد الحسن الثانوية للبنين,KAMAL-NASSER-SEC,PS0270,PS02,no_unambiguous_source_match,
school-d6c75525dc3a19026655,32111074,الشيخ أحمد نمر حمدان الثانوية للبنين,KAMAL NASSER SEC,PS0270,PS02,no_unambiguous_source_match,
school-85831d6f74f099ea2d10,32111013,كمال ناصر الأساسية للبنين,KAMAL NASSER SEC,PS0270,PS02,no_unambiguous_source_match,
school-8befbdd645d463e3b0aa,32111054,"أحمد بن عبد العزيز الأساسية ""أ"" للبنين",OSAMH ALNAJAR LOW,PS0270,PS02,no_unambiguous_source_match,
school-0117402bf3b5dd2e188f,32112117,"أحمد بن عبد العزيزالأساسية ""ب"" للبنين",OSAMH ALNAJAR LOW,PS0270,PS02,no_unambiguous_source_match,
school-31e68e2010aab0ce4da5,32111034,"أسامة النجار الأساسية ""أ"" للبنات",OSAMH ALNAJAR LOW,PS0270,PS02,no_unambiguous_source_match,
school-07c079a2168473838148,32111035,"أسامة النجار الأساسية ""ب"" للبنات",OSAMH ALNAJAR LOW,PS0270,PS02,no_unambiguous_source_match,
school-a7febb80a10316a9f0f4,32111037,عبد الرحمن الأغا الثانوية للبنات,ABED ALRAHMAN ALA,PS0270,PS02,no_unambiguous_source_match,
school-1394413da41cf9029980,32331714,المهاجرين,ABO BAKER HIGH F,PS0270,PS02,no_unambiguous_source_match,
school-ca1a55ee99e94f057e51,32331712,الهدى النموذجية,ABO BAKER HIGH F,PS0270,PS02,no_unambiguous_source_match,
school-6daf9fb17f09443eb284,32331710,"ام المؤمنين ""عائشة"" لتحفيظ القرآن الكريم",ABO BAKER HIGH F,PS0270,PS02,no_unambiguous_source_match,
school-f26b18577cedbb8333dd,32111081,أبو بكر الصديق الأساسية للبنين,ABO BAKER HIGH F,PS0270,PS02,no_unambiguous_source_match,
school-8e9c77dd5bd632860f12,32112128,الصفوة الأساسية المشتركة,ABO BAKER HIGH F,PS0270,PS02,no_unambiguous_source_match,
school-6f1dc3a0a458f858f61c,32112124,أحلام الحرازين الاساسية للبنات,ALDORAH HIGH M,PS0270,PS02,no_unambiguous_source_match,
school-541a5ca8acfab7c385ff,32111100,الشهيد محمد الدرة الأساسية للبنين,ALDORAH HIGH M,PS0270,PS02,no_unambiguous_source_match,
school-53315cd5a6eea133b6ce,32112125,عبد العزيز الرنتيسي الأساسية للبنات,ALDORAH HIGH M,PS0270,PS02,no_unambiguous_source_match,
school-4d485a7efc2c69678b5a,37112028,الرميضة الأساسية المشتركة,AMAR BIN YASER HI,PS0270,PS02,no_unambiguous_source_match,
school-e99258a6d720f52eb084,37112035,بني سهيلا الثانوية للبنين,SHOHADAA BANI SUH,PS0270,PS02,no_unambiguous_source_match,
school-fd68c7716364d73a47fd,37112036,شهداء بني سهيلا الأساسية المشتركة,SHOHADAA BANI SUH,PS0270,PS02,no_unambiguous_source_match,
school-ff6bd05476e014f81877,37112034,شهداء بني سهيلا الثانوية للبنات,SHOHADAA BANI SUH,PS0270,PS02,no_unambiguous_source_match,
school-a94fd9c8d18190fb4cd4,37112099,شهداء خزاعة الثانوية للبنات,SHOHADAA KHEZAA S,PS0270,PS02,no_unambiguous_source_match,
school-568e399506f1f920d525,37112107,شهداء خزاعة الثانوية للبنين,SHOHADAA KHEZAA S,PS0270,PS02,no_unambiguous_source_match,
school-8bff1fe65a6f2a1487d3,32111042,"حيفا الأساسية ""أ"" للبنات",HEFA LOW F,PS0270,PS02,no_unambiguous_source_match,
school-4fcbcb6a605a96173920,32111043,"حيفا الأساسية ""ب"" للبنات",HEFA LOW F,PS0270,PS02,no_unambiguous_source_match,
school-d4e46a472bf100546a69,32111057,"ابن خلدون الأساسية ""أ"" للبنات",ABO SETH HIGH M,PS0270,PS02,no_unambiguous_source_match,
school-0c9698cea1fc76dcf229,32111075,"ابن خلدون الأساسية ""ب"" للبنات",ABO SETH HIGH M,PS0270,PS02,no_unambiguous_source_match,
school-5d982935e05a2bcd5382,32111028,"عبد الله أبو ستة الأساسية ""أ"" للبنين",ABO SETH HIGH M,PS0270,PS02,no_unambiguous_source_match,
school-40ceb56a7abdac3e883b,32111066,"عبد الله أبو ستة الأساسية ""ب"" للبنين",ABO SETH HIGH M,PS0270,PS02,no_unambiguous_source_match,
school-7eaca0385a8fc966a79e,32111095,طبريا الثانوية للبنات,TABAREYA HIGH F,PS0270,PS02,no_unambiguous_source_match,
school-4b1e499482a169dcc329,32111073,عبد الله صيام الأساسية للبنين,TABAREYA HIGH F,PS0270,PS02,no_unambiguous_source_match,
school-4402da35ae4239952755,32111003,هارون الرشيد الثانوية للبنين,HAROON SEC M-A,PS0270,PS02,no_unambiguous_source_match,
school-38f67cc26ed9ff882494,32111026,جرار القدوة الأساسية للبنين,JARAR SEC F,PS0270,PS02,no_unambiguous_source_match,
school-ca1a7db2c9f98c7afc38,32112118,جرار القدوة الثانوية للبنات,JARAR SEC F,PS0270,PS02,no_unambiguous_source_match,
school-dd192bf7f338bfe31d82,32111089,بيت المقدس الثانوية للبنات,ABED ALQADER SEC-,PS0270,PS02,no_unambiguous_source_match,
school-6cb1955ab14d7e5782b0,32111016,حاتم الطائي الأساسية المشتركة,ABED ALQADER SEC-,PS0270,PS02,no_unambiguous_source_match,
school-d6b7a1df6fbf0abbad0c,32111017,حاتم الطائي الأساسية للبنات,ABED ALQADER SEC-,PS0270,PS02,no_unambiguous_source_match,
school-5d7e2f25f164d7144371,32111015,عبد القادر الحسيني الاساسية للبنات,ABED ALQADER SEC-,PS0270,PS02,no_unambiguous_source_match,
school-e9732c54a00593e52a68,32111005,الإسراء الثانوية للبنين,TAREQ BEN ZEYAD L,PS0270,PS02,no_unambiguous_source_match,
school-574e3a54519d1eadd9f2,32111009,الشهيد محمود المبحوح الأساسية للبنين,TAREQ BEN ZEYAD L,PS0270,PS02,no_unambiguous_source_match,
school-83b2e865dd919d3abf10,32112120,طارق بن زياد الأساسية المشتركة,TAREQ BEN ZEYAD L,PS0270,PS02,no_unambiguous_source_match,
school-6006684d6154c508031c,37360001,الحكمة الأساسية الخاصة,ABASSAN LOW F,PS0270,PS02,no_unambiguous_source_match,
school-9b2ed231737caf44592a,37112010,"عبسان الأساسية ""أ"" للبنات",ABASSAN HIGH  F,PS0270,PS02,no_unambiguous_source_match,
school-9e3feb83b8c59023e6d5,37112019,"عبسان الأساسية ""أ"" للبنين",ABASSAN HIGH  F,PS0270,PS02,no_unambiguous_source_match,
school-2b5f506d1374decff26e,37112079,"عبسان الأساسية ""ب"" للبنات",ABASSAN HIGH  F,PS0270,PS02,no_unambiguous_source_match,
school-dcebe312f37364735411,37112082,"عبسان الأساسية ""ب"" للبنين",ABASSAN HIGH  F,PS0270,PS02,no_unambiguous_source_match,
school-7e23034c96707c63359c,37112033,بني سهيلا الأساسية المشتركة,BANI SUHAYLA HIGH,PS0270,PS02,no_unambiguous_source_match,
school-5ac6c55e1dead0b7444e,37112014,بني سهيلا الأساسية للبنات,BANI SUHAYLA HIGH,PS0270,PS02,no_unambiguous_source_match,
school-ee98709dfd6ae4d6a0aa,37112038,شجرة الدر الأساسية المشتركة,SHAJARET ALDUR LO,PS0270,PS02,no_unambiguous_source_match,
school-74bd1cf4e7c55c6af66b,37112039,شجرة الدر الأساسية للبنين,SHAJARET ALDUR LO,PS0270,PS02,no_unambiguous_source_match,
school-187781a8c2bb1ca2860e,37112030,عبد المحسن القطان الأساسية للبنين,SHAJARET ALDUR LO,PS0270,PS02,no_unambiguous_source_match,
school-45696967b49aae9fa04b,32111067,خان يونس الثانوية للبنات,KHANYOUNIS SEC F-,PS0270,PS02,no_unambiguous_source_match,
school-48e2cfbbc4ad078c93a8,32111068,فاروق الفرا الثانوية للبنات,KHANYOUNIS SEC F-,PS0270,PS02,no_unambiguous_source_match,
school-dd409c107161501452b0,32112013,الشهيد أبو حميد الأساسية المشتركة,ABO EHMAID LOW CO,PS0270,PS02,no_unambiguous_source_match,
school-4096d1b6c655450fcc4d,32112016,الشهيد أبو حميد الأساسية للبنين,ABO EHMAID LOW CO,PS0270,PS02,no_unambiguous_source_match,
school-eab29bf553083ce3b59e,37112015,عيلبون الثانوية للبنات,AYLABOON LOW COED,PS0270,PS02,no_unambiguous_source_match,
school-25a278403cb887f54fd5,37112055,"مسقط القرارة الأساسية "" أ "" للبنات",AYLABOON LOW COED,PS0270,PS02,no_unambiguous_source_match,
school-5255655d6dc91470780e,37112056,"مسقط القرارة الأساسية "" ب "" للبنات",AYLABOON LOW COED,PS0270,PS02,no_unambiguous_source_match,
school-3f69bde39831bcec18a5,37112091,القرارة الثانوية للبنين,ALQARAR HIGH M,PS0270,PS02,no_unambiguous_source_match,
school-f7b84ea9663f36b8b8f7,37331709,فاطمة الزهراء النموذجية,FATEMA F PRIVATE,PS0270,PS02,no_unambiguous_source_match,
school-f6b91cddb21fca234b6c,37112072,المعري الأساسية للبنين,ALMAAREE HIGH M,PS0270,PS02,no_unambiguous_source_match,
school-3f7ed46bcda5cbda3499,37112071,المعري الأساسية المشتركة,ALMAAREE HIGH F,PS0270,PS02,no_unambiguous_source_match,
school-55f6d088a5e90813c618,37112102,المعري الثانوية للبنات,ALMAAREE HIGH F,PS0270,PS02,no_unambiguous_source_match,
school-2d465e3fa65540e108ad,37112011,كامل الأغا الأساسية المشتركة,KAMEL ALAGHA HIGH,PS0270,PS02,no_unambiguous_source_match,
school-44c669fcce2bdaf3ca66,37112101,ابن النفيس الأساسية للبنات,IBEN ALNAFEES HIG,PS0270,PS02,no_unambiguous_source_match,
school-03e902ea49f9bc5174e5,37112098,ابن النفيس الأساسية للبنين,IBEN ALNAFEES HIG,PS0270,PS02,no_unambiguous_source_match,
school-6603564296194ddbb125,37112119,عبسان الجديدة الأساسية للبنات,NEW ABASSAN HIGH,PS0270,PS02,no_unambiguous_source_match,
school-8caef60be256ac630e83,37112092,عبسان الجديدة الأساسية للبنين,NEW ABASSAN HIGH,PS0270,PS02,no_unambiguous_source_match,
school-38c163479040bbe14d42,32111032,العلا الأساسية للبنين,IBEN KHALDOON SEC,PS0270,PS02,no_unambiguous_source_match,
school-cac64536c9e3ee2259ea,32331701,الشروق النموذجية الخاصة,ALSHUROUQ PRIVATE,PS0270,PS02,no_unambiguous_source_match,
school-f6ad424c67507acb59e3,32331702,الصديق الخاصة,ALSEDEEQ PRIVATE,PS0270,PS02,no_unambiguous_source_match,
school-3ba24695e20cf3f9b536,32331715,رؤية النموذجية الخاصة,EAD ALAGHA LOW CO,PS0270,PS02,no_unambiguous_source_match,
school-d07e42990b89cf1eea9a,32111002,سمو الشيخ حمد بن خليفة آل ثاني الأساسية للبنات,EAD ALAGHA LOW CO,PS0270,PS02,no_unambiguous_source_match,
school-b7a4e576b5ff1d630219,32111012,سمو الشيخ حمد بن خليفة آل ثاني الثانوية للبنات,EAD ALAGHA LOW CO,PS0270,PS02,no_unambiguous_source_match,
school-421d409284b63dbcc81e,32111001,سمو الشيخ حمد بن خليفة آل ثاني الأساسية للبنين,EAD ALAGHA LOW CO,PS0270,PS02,no_unambiguous_source_match,
school-9e020d11f455491b94ec,32111011,سمو الشيخ حمد بن خليفة آل ثاني الثانوية للبنين,EAD ALAGHA LOW CO,PS0270,PS02,no_unambiguous_source_match,
school-0ec000bfadf2499982b0,32111004,عيد الأغا الأساسية للبنات,EAD ALAGHA LOW CO,PS0270,PS02,no_unambiguous_source_match,
school-6bf131bb5b198961de51,32111008,عيد الأغا الأساسية للبنين,EAD ALAGHA LOW CO,PS0270,PS02,no_unambiguous_source_match,
school-1b66d4b4b1b4186e88b0,37331711,الإمام محمد بن صالح العثيمين - طلاب,ALEMAM MUHAMED PR,PS0270,PS02,no_unambiguous_source_match,
school-a5d4e5b9df17762a7c6a,37331701,الإمام محمد بن صالح العثيمين الخاصة - طالبات,ALEMAM MUHAMED PR,PS0270,PS02,no_unambiguous_source_match,
school-78b17ee9621928d0b430,32112012,سليمان الآغا الثانوية للبنات,ALEMAM MUHAMED PR,PS0270,PS02,no_unambiguous_source_match,
school-a39eac845f06dc880268,37112059,المتنبي الثانوية للبنين,ALMUTANABEE SEC M,PS0270,PS02,no_unambiguous_source_match,
school-180b700578cfb3918d10,37112066,المتنبي الجديدة الثانوية للبنين,ALMUTANABEE SEC M,PS0270,PS02,no_unambiguous_source_match,
school-af24664f45623274b73d,37112060,العودة الثانوية للبنين,ALKURMEE LOW M,PS0270,PS02,no_unambiguous_source_match,
school-6574dae55f3e5455ac26,37112013,"عبد الكريم الكرمي الأساسية ""أ"" للبنين",ALKURMEE LOW M,PS0270,PS02,no_unambiguous_source_match,
school-30b8b66b44dcab1c9e01,37112012,"عبد الكريم الكرمي الأساسية ""ب"" للبنين",ALKURMEE LOW M,PS0270,PS02,no_unambiguous_source_match,
school-2ae1a04673332a8a7313,37331710,براعم السندباد الخاصة,OM ALMUEMENEEN HI,PS0270,PS02,no_unambiguous_source_match,
school-911329a5e47b7f972145,37112048,الخنساء الثانوية للبنات,ALKHANSAA SEC F,PS0270,PS02,no_unambiguous_source_match,
school-e88e404b1cb151ad3437,37112124,دالية الكرمل الأساسية للبنات,ALKHANSAA SEC F,PS0270,PS02,no_unambiguous_source_match,
school-6232b51a25c8dd97ffb6,37112123,طيبة الأساسية للبنات,ALKHANSAA SEC F,PS0270,PS02,no_unambiguous_source_match,
school-db5792869e494dd4148f,37112096,طيبة الثانوية للبنات,ALKHANSAA SEC F,PS0270,PS02,no_unambiguous_source_match,
school-d00e9aab706e249d3616,32210048,خان يونس الإبتدائية المشتر,KH/YOUNIS PREP GI,PS0270,PS02,no_unambiguous_source_match,
school-244735acf524c0ea09c0,32210010,"ذكور خان يونس الإبتدائية ""د""",KH/YOUNIS ELEM BO,PS0270,PS02,no_unambiguous_source_match,
school-e383212f7aec34209d04,32210011,ذكور أحمد بن عبد العزيز الإ,A/A/AZIZ PREP BOY,PS0270,PS02,no_unambiguous_source_match,
school-df23df46fed868ea8dd5,32210017,خان يونس الإبتدائية المشتر,KH/YOUNIS ELEM CO,PS0270,PS02,no_unambiguous_source_match,
school-9e0bf059bff91fbb085f,32210007,ذكور مصطفى حافظ الإبتدائية,MUST HAFEZ ELEM B,PS0270,PS02,no_unambiguous_source_match,
school-c2280b82b0282f5f89ac,32210003,"ذكور خان يونس الإعدادية ""أ""",MUST HAFEZ ELEM B,PS0270,PS02,no_unambiguous_source_match,
school-930a07a9e2f5bf24a2df,32210008,ذكور مصطفى حافظ الإبتدائية,KH/YOUNIS PREP BO,PS0270,PS02,no_unambiguous_source_match,
school-566cc805e923619dbf84,32210021,"بنات خان يونس الإعدادية ""ج""",KH/YOUNIS PREP GI,PS0270,PS02,no_unambiguous_source_match,
school-d0b4b628f1493bfe4f07,37210037,القرارة الإعدادية المشتركة,QARARA PREP COED,PS0270,PS02,no_unambiguous_source_match,
school-3c58685996af34cf5644,37210031,"عبسان الإبتدائية المشتركة """,ABASAN ELEM COED,PS0270,PS02,no_unambiguous_source_match,
school-171e54cc439a2b353af5,37331916,الصحابة الشرعية الخاصة - بنين,ABASAN ELEM COED,PS0270,PS02,no_unambiguous_source_match,
school-7b3ec7c0c0f08cab0370,37210028,بني سهيلا الإبتدائية المشت,B/SUHAILA ELEM CO,PS0270,PS02,no_unambiguous_source_match,
school-eaefa9bd6a59f4bb13d6,37210024,"ذكور بني سهيلا الإعدادية ""ب""",B/SUHAILA PREP BO,PS0270,PS02,no_unambiguous_source_match,
school-e5b7c3858b31501db9cd,37210023,"ذكور بني سهيلا الإعدادية ""أ""",B/SUHAILA PREP BO,PS0270,PS02,no_unambiguous_source_match,
school-59d54d22e3f7fddb38a3,37210033,معن الإبتدائية المشتركة لل,MAEN ELEM COED A,PS0270,PS02,no_unambiguous_source_match,
school-c57ecae5ae9b69933c15,37210049,ذكور معن الإعدادية للاجئين,MAEN ELEM COED A,PS0270,PS02,no_unambiguous_source_match,
school-f87fb5b42f2ca1d1edc1,37112115,عمار بن ياسر الأساسية للبنين,MAEN ELEM COED A,PS0270,PS02,no_unambiguous_source_match,
school-98ce5f77e9b19812600b,37112116,عمار بن ياسر الثانوية للبنين,MAEN ELEM COED A,PS0270,PS02,no_unambiguous_source_match,
school-b66ca6b120892c124228,34111001,"بئر السبع الثانوية ""أ"" للبنين",BER AL SABAA SEC,PS0275,PS02,no_unambiguous_source_match,
school-a737b76acfae3ff99ff9,34111076,"بئر السبع الثانوية ""ب"" للبنين",BER AL SABAA SEC,PS0275,PS02,no_unambiguous_source_match,
school-8c58926c30af39eb29e4,34111031,آمنة بنت وهب الأساسية للبنات,AMENAH LOW F,PS0275,PS02,no_unambiguous_source_match,
school-e61354167875e4f4aa29,34111030,آمنه بنت وهب الثانوية للبنات,AMENAH LOW F,PS0275,PS02,no_unambiguous_source_match,
school-eacbf15fb493fa7bd58e,34111018,"رفح الأساسية ""أ"" للبنين",AMENAH LOW F,PS0275,PS02,no_unambiguous_source_match,
school-1748f1b80b96c463a3cc,34111003,"رفح الأساسية ""ب"" للبنين",AMENAH LOW F,PS0275,PS02,no_unambiguous_source_match,
school-e925aa634ff045d7561a,34111077,شهداء رفح الأساسية للبنات,AMENAH LOW F,PS0275,PS02,no_unambiguous_source_match,
school-b99846bf65110d87c41d,34111044,شهداء رفح الثانوية للبنات,AMENAH LOW F,PS0275,PS02,no_unambiguous_source_match,
school-2f1c4157e9e68cf3da63,34210020,"رفح الإبتدائية المشتركة ""هـ",RAFAH PREP GIRLS,PS0275,PS02,no_unambiguous_source_match,
school-9a172d2baa00a7a0fcea,34111045,القدس الثانوية للبنات,RAFAH ELEM COED A,PS0275,PS02,no_unambiguous_source_match,
school-7866f1ca8f4c7ad5ffff,34210008,رفح الإعدادية المشتركة للا,YEBNA LOW M,PS0275,PS02,no_unambiguous_source_match,
school-4249011fc8f4805661d3,34210010,"ذكور رفح الإعدادية ""د"" للاجئ",YEBNA LOW M,PS0275,PS02,no_unambiguous_source_match,
school-0769282179e062d6012e,34210018,الجنينة  الإعدادية المشترك,AL AQAD LOW F,PS0275,PS02,no_unambiguous_source_match,
school-65b4e0f0f916ecd79b7f,34111022,عباس محمود العقاد الأساسية للبنات,AL AQAD LOW F,PS0275,PS02,no_unambiguous_source_match,
school-07bf6b4906fec22f09eb,34111023,عباس محمود العقاد الثانوية للبنات,AL AQAD LOW F,PS0275,PS02,no_unambiguous_source_match,
school-80437aefa71b836c922c,34111072,"يبنا الأساسية ""أ"" للبنين",AL AQAD LOW F,PS0275,PS02,no_unambiguous_source_match,
school-736d4df49353eb4fe7a3,34111073,"يبنا الأساسية ""ب"" للبنين",AL AQAD LOW F,PS0275,PS02,no_unambiguous_source_match,
school-1fc249904017a82bc029,34111089,"دير ياسين الأساسية ""أ"" المشتركة",DAIR YASEEN LOW F,PS0275,PS02,no_unambiguous_source_match,
school-27b3b713b88b978b9db2,34111042,"دير ياسين الأساسية ""ب"" المشتركة",DAIR YASEEN LOW F,PS0275,PS02,no_unambiguous_source_match,
school-1f3e2a82765789b45df0,34210009,"ذكور رفح الإعدادية ""أ"" للاجئ",RAFAH PREP.BOYS A,PS0275,PS02,no_unambiguous_source_match,
school-4993b3e54b6cb0d0cfa8,34210011,"ذكور رفح الإعدادية ""ب"" للاجئ",RAFAH PREP.BOYS B,PS0275,PS02,no_unambiguous_source_match,
school-546ebb097131fd340ad5,34210022,بنات رفح الإبتدائية للاجئا,RAFAH ELEM.GIRLS,PS0275,PS02,no_unambiguous_source_match,
school-6bf802188378ea833f58,34111009,طه حسين الأساسية للبنين,AL NAJAR SEC M,PS0275,PS02,no_unambiguous_source_match,
school-0ac8f193459bd9118af9,34111002,محمد يوسف النجار الثانوية للبنين,AL NAJAR SEC M,PS0275,PS02,no_unambiguous_source_match,
school-9dc7d18ff9af8bfa31b8,34331702,دار الفضيلة الخاصة اناث,AL MUSTAQBEL PRIV,PS0275,PS02,no_unambiguous_source_match,
school-bd7ca6d51b4063cced73,34331703,دار الفضيلة الخاصة ذكور,AL MUSTAQBEL PRIV,PS0275,PS02,no_unambiguous_source_match,
school-08093d2cc1bd484eb145,34331701,هيرمان جيماينر sos مشتركة,AL MUSTAQBEL PRIV,PS0275,PS02,no_unambiguous_source_match,
school-ba4fbd320de61f8653f1,34112092,الفردوس الأساسية للبنات,MAWASEE RAFAH,PS0275,PS02,no_unambiguous_source_match,
school-021b59466c0d2ec0b9aa,34112088,الفردوس الأساسية للبنين,MAWASEE RAFAH,PS0275,PS02,no_unambiguous_source_match,
school-e441f515cf3c6d84f587,34111086,القادسية الثانوية للبنات,AL QADESIA SEC F-,PS0275,PS02,no_unambiguous_source_match,
school-26fdf0677ed6df52eaa5,34111078,مريم فرحات الثانوية للبنات,KAMAL EDWAN SEC M,PS0275,PS02,no_unambiguous_source_match,
school-0619a8b0b61ee0873d60,34111053,عقبة بن نافع الأساسية المشتركة,KAMAL EDWAN SEC M,PS0275,PS02,no_unambiguous_source_match,
school-88e61fc95b034b08bf23,34111051,نظير اللوقة الأساسية للبنات,KAMAL EDWAN SEC M,PS0275,PS02,no_unambiguous_source_match,
school-f6996a6943857244c695,34111071,كمال عدوان الأساسية للبنين,OQBAH HIGH M,PS0275,PS02,no_unambiguous_source_match,
school-e2bd404ef94778087b48,34210007,"ذكور العمرية الإعدادية ""أ"" ل",OMARIY ELEM BOYS,PS0275,PS02,no_unambiguous_source_match,
school-f3d0285d29b59b4a4f7b,34111069,ثانوية الكويت للبنات,RABAA SEC F,PS0275,PS02,no_unambiguous_source_match,
school-deb55bbff877eec619e8,34111070,رابعة العدوية الأساسية للبنات,RABAA SEC F,PS0275,PS02,no_unambiguous_source_match,
school-d54d3a21f8aadfe15ae2,34111068,رابعة العدوية الأساسية للبنين,RABAA SEC F,PS0275,PS02,no_unambiguous_source_match,
school-6965b4c7c3d5c393c8da,34210001,"ذكور رفح الإبتدائية ""أ"" للاج",RAFAH ELEM BOYS A,PS0275,PS02,no_unambiguous_source_match,
school-063165241ac97898b098,34210029,"بنات رفح الإعدادية ""ب"" للاجئ",RAFAH PREP B GIRL,PS0275,PS02,no_unambiguous_source_match,
school-aba7b6f61843684076cd,34210030,"رفح الإبتدائية المشتركة ""ج""",RAFAH PREP B GIRL,PS0275,PS02,no_unambiguous_source_match,
school-da5027e2674058aa8b29,34210026,"خولة الإبتدائية المشتركة ""ب",KHAWLA ELEM.CO.B,PS0275,PS02,no_unambiguous_source_match,
school-7204ef86a6a955d43e47,34210025,"خولة الإبتدائية المشتركة ""أ",KHAWLA ELEM.CO.A,PS0275,PS02,no_unambiguous_source_match,
school-f965b7da2bb0acb84f91,34112094,أسرار القبندي الثانوية للبنات,AL ATATRA,PS0275,PS02,no_unambiguous_source_match,
school-a143bde368c771f9c15d,34112089,المسمية الأساسية للبنات,AL ATATRA,PS0275,PS02,no_unambiguous_source_match,
school-a650a67c7a19321620a2,34112091,المسمية الأساسية للبنين,AL ATATRA,PS0275,PS02,no_unambiguous_source_match,
school-1e5f2a7a332c6188c88d,37118502,جنين الثانوية للبنين,AL NAQORA SEC M,PS0270,PS02,no_unambiguous_source_match,
school-53de130c8536bebe594c,37111103,رأس الناقورة الثانوية للبنين,AL NAQORA SEC M,PS0270,PS02,no_unambiguous_source_match,
school-8f95e4e7f8419c700339,37112122,عسقلان الأساسية للبنين,AL NAQORA HIGH F,PS0270,PS02,no_unambiguous_source_match,
school-94375a290d32ec88bf9f,37210051,ذكور الفخاري الإعدادية للا,FUKHARI-ELEM-CO-E,PS0270,PS02,no_unambiguous_source_match,
school-fb85626a5954832dab67,34112026,غسان كنفاني الأساسية للبنين,KANAFANY HIGH M,PS0275,PS02,no_unambiguous_source_match,
school-be0a9cf3f4c091c789bf,34112087,مرمرة الأساسية للبنات,KANAFANY HIGH M,PS0275,PS02,no_unambiguous_source_match,
school-49e3d942dc735eb0268c,34210027,بنات الشوكة الإعدادية للاج,AL SHOUKA PREP. C,PS0275,PS02,no_unambiguous_source_match,
school-e7994514df15b9065a48,34210036,ذكور الشوكة الإعدادية للاج,AL SHOUKA PREP. C,PS0275,PS02,no_unambiguous_source_match,
school-946013ab2eb7a48d5f35,34111075,"الدوحة الثانوية ""أ"" للبنين",RAFAH ELEM.BOYS B,PS0275,PS02,no_unambiguous_source_match,
school-8b54efe99b97f28b9d92,34111074,"الدوحة الثانوية ""ب"" للبنين",RAFAH ELEM.BOYS B,PS0275,PS02,no_unambiguous_source_match,
school-0212c7d963337f6eb57d,34111081,"مسقط رفح الثانوية "" أ "" للبنين",RAFAH ELEM.BOYS B,PS0275,PS02,no_unambiguous_source_match,
school-e8b542148207d56fd643,34111082,"مسقط رفح الثانوية "" ب "" للبنين",RAFAH ELEM.BOYS B,PS0275,PS02,no_unambiguous_source_match,
school-9d84e3fa979b606a29ad,34210024,"رفح الإبتدائية المشتركة ""ب""",ZAHRA ELEM.CO,PS0275,PS02,no_unambiguous_source_match,
school-ae53e6ff0cd53da01ab4,34210023,الزهراء الإبتدائية المشترك,RAFAH ELEM.CO B,PS0275,PS02,no_unambiguous_source_match,
school-8d699102de10872d0eee,34210017,"بنات رفح الإعدادية ""أ"" للاجئ",RAFAH ELEM CO E,PS0275,PS02,no_unambiguous_source_match,
school-44e7056d957f84d47262,34210031,الرازي الإبتدائية المشتركة,RAZI ELEM GIRLS B,PS0275,PS02,no_unambiguous_source_match,
school-8c27ec63560d097283dc,34210032,بنات الرازي الإبتدائية للا,RAZI ELEM GIRLS B,PS0275,PS02,no_unambiguous_source_match,
school-767ce94546bb2c97885d,34210043,"بنات رفح الإعدادية ""د"" للاجئ",RAZI ELEM GIRLS B,PS0275,PS02,no_unambiguous_source_match,
school-86e4761d150a233f6778,34210005,"ذكور رفح الإبتدائية ""ج"" للاج",IBN SINA ELEM BOY,PS0275,PS02,no_unambiguous_source_match,
school-bfe3a2b9a6bfc41b6140,31113067,خليل الرحمن الثانوية للبنين,DENG,PS0255,PS02,no_unambiguous_source_match,
school-c11c9a7e6b1a73714298,31111025,مسقط بيت لاهيا الثانوية للبنين,DENG,PS0255,PS02,no_unambiguous_source_match,
school-1d191910f90a61a6fbe0,31111021,أحمد الشقيري الثانوية للبنين,ASSM-B,PS0255,PS02,no_unambiguous_source_match,
school-e875c56a0189ab72ef1b,31210026,ذكور عزبة بيت حانون الإبتدا,RABHHM,PS0255,PS02,no_unambiguous_source_match,
school-bc0068b6bda5c755c0df,31210035,ذكور عزبة بيت حانون الإعداد,RABHHM,PS0255,PS02,no_unambiguous_source_match,
school-1391320b1f5a964a35f4,31210036,بنات خليل عويضة الإعدادية ل,RKALCO,PS0255,PS02,no_unambiguous_source_match,
school-a8dda8be559e5372fb5f,31111042,حمزة بن عبد المطلب الأساسية المشتركة,HLCO,PS0255,PS02,no_unambiguous_source_match,
school-fe0491c968be7ad787ee,31111047,حمزة بن عبد المطلب الثانوية للبنات,HLCO,PS0255,PS02,no_unambiguous_source_match,
school-d87d7ca5606c8f329870,31111022,الشيماء الأساسية للبنات,ASHF,PS0255,PS02,no_unambiguous_source_match,
school-c2d000e6790ac2d50fa2,31111053,الشيماء الأساسية للبنين,ASHF,PS0255,PS02,no_unambiguous_source_match,
school-ac24e95a2f4d616fab17,31111030,الشيماء الثانوية للبنات,ASLCO,PS0255,PS02,no_unambiguous_source_match,
school-7c95a6f8442cbff9a610,31113052,تل الربيع الأساسية المشتركة,TALZSF,PS0255,PS02,no_unambiguous_source_match,
school-b6ee2628d8d6726fdfda,31113055,تل الربيع الثانوية للبنات,TALZSF,PS0255,PS02,no_unambiguous_source_match,
school-cb88cde5ae1e3225b96e,31111012,تل الزعتر الثانوية للبنات,TALZSF,PS0255,PS02,no_unambiguous_source_match,
school-8c54e4670e90cb471e7c,31113057,حفصة بنت عمر الأساسية المشتركة,SHSF-A,PS0255,PS02,no_unambiguous_source_match,
school-10499fb7bf6773439654,31112038,حفصة بنت عمر الأساسية للبنين,SHSF-A,PS0255,PS02,no_unambiguous_source_match,
school-05d8d39189f73f99d4b1,31113037,الفالوجا الثانوية للبنات,SHSF-B,PS0255,PS02,no_unambiguous_source_match,
school-ba2ab0b9e700d9725ddb,31113034,شادية أبو غزالة الثانوية للبنات,SHSF-B,PS0255,PS02,no_unambiguous_source_match,
school-6361d33ef8e36394f750,31210042,جباليا الإبتدائية المشتركة,RJLFB,PS0255,PS02,no_unambiguous_source_match,
school-ed45a4179fe030c6ca1c,31210043,جباليا الإبتدائية المشتركة,RJLFG,PS0255,PS02,no_unambiguous_source_match,
school-ccb9dd470ee6742f31d8,31210015,"بنات جباليا الإعدادية ""أ"" لل",RJHFA,PS0255,PS02,no_unambiguous_source_match,
school-a1b1f69a64b431bcd31a,31210040,"بنات جباليا الإبتدائية ""ج"" ل",RJLFA,PS0255,PS02,no_unambiguous_source_match,
school-c731ce28671c22d19ff4,31210017,"بنات جباليا الإعدادية ""ج"" لل",RJHFC,PS0255,PS02,no_unambiguous_source_match,
school-cf0d5db8fa7dea67f07b,31210041,جباليا الإبتدائية المشتركة,RJLFE,PS0255,PS02,no_unambiguous_source_match,
school-da23818074e48e759647,31210019,"بنات جباليا الإعدادية ""ب"" لل",RHLF,PS0255,PS02,no_unambiguous_source_match,
school-23be8c9f7da6e44222ec,31210001,"ذكور جباليا الإبتدائية ""أ"" ل",RJLMA,PS0255,PS02,no_unambiguous_source_match,
school-12c77417f3519c4c5981,31210016,"بنات جباليا الإبتدائية ""أ"" ل",RJLFC,PS0255,PS02,no_unambiguous_source_match,
school-bf50b48566a1b78f6178,31210021,"بنات جباليا الإبتدائية ""ب""",RJLFC,PS0255,PS02,no_unambiguous_source_match,
school-a695d365cf98231d4b25,31210004,ذكور الفاخورة الإعدادية,RJHMC,PS0255,PS02,no_unambiguous_source_match,
school-440c17f636f1b9cc35a6,31210023,بنات بيت لاهيا الإعدادية لل,RBLLF,PS0255,PS02,no_unambiguous_source_match,
school-e9ffc779e7a2a32ba24d,31210008,ذكور قليبو الإعدادية للاجئ,RJLFN,PS0255,PS02,no_unambiguous_source_match,
school-dc2a0d4cf2fb6892a914,31210024,بنات جباليا الإبتدائية الج,RJLFN,PS0255,PS02,no_unambiguous_source_match,
school-cab3e0189a7bacacc8bb,31210044,"حلب الإبتدائية المشتركة ""أ""",RJLFN,PS0255,PS02,no_unambiguous_source_match,
school-e474288703c93e144c87,31331709,أم المؤمنين حفصة بنت عمر الشرعية,RJLFN,PS0255,PS02,no_unambiguous_source_match,
school-780789a4c64e184f08ea,31113060,حمد بن خليفة الثانوية للبنات,RJLFN,PS0255,PS02,no_unambiguous_source_match,
school-cc2dfdbf1f68053647e0,31113066,خليفة بن زايد الثانوية للبنين,RJLFN,PS0255,PS02,no_unambiguous_source_match,
school-795a1f054d15d5c7decc,31113036,عوني الحرتاني الثانوية للبنات,AHSF-B,PS0255,PS02,no_unambiguous_source_match,
school-ba26c3210dc741106082,31210046,جباليا الإبتدائية المشتركة,RJHM-B,PS0255,PS02,no_unambiguous_source_match,
school-bc7ea18d78dc0fda23f4,31210010,"ذكور جباليا الإبتدائية ""ج"" ل",RJLMALB,PS0255,PS02,no_unambiguous_source_match,
school-88721e5db8a690c9a884,31210011,"ذكور جباليا الإبتدائية ""ب"" ل",RJLM-B,PS0255,PS02,no_unambiguous_source_match,
school-cd11dc454e4b26609dfd,31210012,"ذكور جباليا الإبتدائية ""د"" ل",RJLM-F,PS0255,PS02,no_unambiguous_source_match,
school-c4e2bc931991905cc9a0,31210005,"ذكور جباليا الإعدادية ""أ"" لل",RJHM-A,PS0255,PS02,no_unambiguous_source_match,
school-2a69973e3775a8103529,31331708,السلام لأطفال الزيتون,SJSM,PS0255,PS02,no_unambiguous_source_match,
school-449ce264019060b2a0eb,31112036,شهداء جباليا الأساسية للبنين,SJSM,PS0255,PS02,no_unambiguous_source_match,
school-3d22e9fc14a567ccc880,31112033,شهداء جباليا الثانوية للبنين,SJSM,PS0255,PS02,no_unambiguous_source_match,
school-d9b7dbfe450e52c9e950,31112061,كمال العهود الأساسية المشتركة,SJSM,PS0260,PS02,no_unambiguous_source_match,
school-75566a7505441e162db4,31112060,كمال العهود الأساسية للبنات,SJSM,PS0260,PS02,no_unambiguous_source_match,
school-020da1d7235ab4ca86da,31331704,نور المعارف النموذجية,NAMP,PS0260,PS02,no_unambiguous_source_match,
school-61758a95c54ff33cac48,31331710,الصحابة لشرعية لتحفيظ  القران,JLF-A,PS0255,PS02,no_unambiguous_source_match,
school-bbedac0aeda4cb91ae82,31112027,"جباليا الأساسية ""أ"" للبنات",JLF-A,PS0255,PS02,no_unambiguous_source_match,
school-80bbf5e971ad60fe6b51,31112035,"جباليا الأساسية ""ب"" للبنات",JLF-A,PS0255,PS02,no_unambiguous_source_match,
school-6c21fbbc53bdd51f9b32,31112034,"فاطمة بنت أسد الأساسية ""أ"" للبنات",JLF-A,PS0255,PS02,no_unambiguous_source_match,
school-77ba3964f5185993485c,31112028,"فاطمة بنت أسد الأساسية ""ب"" للبنات",JLF-A,PS0255,PS02,no_unambiguous_source_match,
school-0c97724b99ef030f5268,31113062,"نسيبة بنت كعب الأساسية ""أ"" للبنات",RLP,PS0255,PS02,no_unambiguous_source_match,
school-34ae87c538ebd6278160,31113063,"نسيبة بنت كعب الأساسية ""ب"" للبنات",RLP,PS0255,PS02,no_unambiguous_source_match,
school-23ff50807b866851a514,31112029,"الرافعي الأساسية ""أ"" للبنين",ARLM-A,PS0255,PS02,no_unambiguous_source_match,
school-2cf741635979b8718e59,31112030,"الرافعي الأساسية ""ب"" للبنين",ARLM-A,PS0255,PS02,no_unambiguous_source_match,
school-abc208abc6718a955455,31113048,"النقب الأساسية ""أ"" للبنين",ARLM-A,PS0255,PS02,no_unambiguous_source_match,
school-dc41305e410a9a427057,31113049,"النقب الأساسية""ب"" للبنين",ARLM-A,PS0255,PS02,no_unambiguous_source_match,
school-8ccfaf6f6d7126aff7d0,31112025,حليمة السعدية الأساسية المشتركة,HHF,PS0255,PS02,no_unambiguous_source_match,
school-302602a41cf742e7d8eb,31112024,حليمة السعدية الأساسية للبنات,HHF,PS0255,PS02,no_unambiguous_source_match,
school-89b4f9917836200be8f8,31113041,ذات الصواري الثانوية للبنات,THSHF,PS0255,PS02,no_unambiguous_source_match,
school-d5ee6d16891b38b11ca9,31113065,القسطينة الثانوية للبنين,AQHM,PS0255,PS02,no_unambiguous_source_match,
school-ad41b5f4d8eb4d0f3c7f,31112054,عوني الحرتاني الأساسية المشتركة,AHLM,PS0255,PS02,no_unambiguous_source_match,
school-8031ba48066d7c01c984,31112055,عوني الحرتاني الأساسية للبنين,AHLM,PS0255,PS02,no_unambiguous_source_match,
school-d0c7b2a7063f97baa036,31112031,عثمان بن عفان الثانوية للبنين,OSM-A,PS0255,PS02,no_unambiguous_source_match,
school-be1b5749aa4c3546a32b,31112026,أسامة بن زيد الثانوية للبنين,SBWLM,PS0255,PS02,no_unambiguous_source_match,
school-7c2068ce00894cae4d1f,31113053,"برير الأساسية ""أ"" للبنين",SBWLM,PS0255,PS02,no_unambiguous_source_match,
school-8478da0a7a3f7c388343,31113054,"برير الأساسية ""ب"" للبنين",SBWLM,PS0255,PS02,no_unambiguous_source_match,
school-97dc29234c23b84469f7,31112045,"سعد بن أبي وقاص الأساسية ""أ"" للبنين",SBWLM,PS0255,PS02,no_unambiguous_source_match,
school-90edab5d2fc96a4ba1b2,31112032,"سعد بن أبي وقاص الأساسية ""ب"" للبنين",SBWLM,PS0255,PS02,no_unambiguous_source_match,
school-cd2cdd99974cdda04c6d,38334001,دار الأرقم النموذجية,DAAP,PS0255,PS02,no_unambiguous_source_match,
school-3d47c802d46ff9085b9d,31210039,"بنات بيت حانون الإعدادية ""أ""",RBHHF,PS0255,PS02,no_unambiguous_source_match,
school-144afa3a54659781e081,31210034,بيت حانون الإبتدائية المشت,HSM,PS0255,PS02,no_unambiguous_source_match,
school-ee9ff6232975c5bc85fc,31111003,هاني نعيم الثانوية الزراعية,BHAGR,PS0255,PS02,no_unambiguous_source_match,
school-73d9501ab66a2ad69db6,31113061,بيت حانون الثانوية للبنات,BHSF,PS0255,PS02,no_unambiguous_source_match,
school-4345502e693062bf09d3,31210030,"ذكور بيت حانون الإبتدائية """,RBHLM-A,PS0255,PS02,no_unambiguous_source_match,
school-0e2c20f370efb79d30f5,31210029,"ذكور بيت حانون الإبتدائية """,RBHLM-B,PS0255,PS02,no_unambiguous_source_match,
school-b2bc1d5fcf22b14ffe30,31210032,بيت حانون الإبتدائية المشت,RBHLCO-D,PS0255,PS02,no_unambiguous_source_match,
school-480c9ff0d8d208ea6e09,31111013,أبو تمام الأساسية المشتركة,ATHF,PS0255,PS02,no_unambiguous_source_match,
school-65de60e7ec181a6fa92d,31111049,أبو تمام الأساسية للبنات,ATHF,PS0255,PS02,no_unambiguous_source_match,
school-0f19d2ced18fd2d595c7,31111040,"بيت لاهيا الأساسية "" أ "" للبنين",BLLM-B,PS0255,PS02,no_unambiguous_source_match,
school-d6704226f1a5a0e86a22,31111041,"بيت لاهيا الأساسية ""ب"" للبنين",BLLM-B,PS0255,PS02,no_unambiguous_source_match,
school-1c8d60687a9b28edac3a,31111005,بيت لاهيا الثانوية للبنين,BLLM-B,PS0255,PS02,no_unambiguous_source_match,
school-f3d0875da366e221c548,31111048,زيد بن حارثة الأساسية المشتركة,ZLCO-B,PS0255,PS02,no_unambiguous_source_match,
school-e37ecb61eab789dec2d4,31113051,سخنين الأساسية للبنين,OBKLF,PS0255,PS02,no_unambiguous_source_match,
school-5c834c6e6e07e7bff28e,31111009,عمر بن الخطاب الأساسية للبنين,OBKLF,PS0255,PS02,no_unambiguous_source_match,
school-553a8c917eea1de969b6,31111014,معاوية بن أبي سفيان الأساسية للبنات,OBKLF,PS0255,PS02,no_unambiguous_source_match,
school-aff887066941a4b6f677,31113059,جبل المكبرالثانوية للبنين,SLCO,PS0255,PS02,no_unambiguous_source_match,
school-c443a636f1d2b8a8af84,31111011,أبو جعفر المنصور الأساسية للبنات,Jaffa Abu El Mansoor,PS0255,PS02,no_unambiguous_source_match,
school-8f21ef309a791ecb0182,31113038,أم الفحم الثانوية للبنات,Am Al Fitih,PS0255,PS02,no_unambiguous_source_match,
school-445f88110e24cc143997,31111016,الأمير نايف بن عبد العزيز الأساسية للبنات,AMERICAN,PS0255,PS02,no_unambiguous_source_match,
school-ab0e697347513e1c239c,31111018,المنامة الأساسية للبنين,AMERICAN,PS0255,PS02,no_unambiguous_source_match,
school-49164ca2e13d9a9c82e8,31112051,"عمواس الأساسية ""أ"" للبنات",EHF-B,PS0255,PS02,no_unambiguous_source_match,
school-8252edf48c9f3da0f37f,31112053,"عمواس الأساسية ""ب"" للبنات",EHF-B,PS0255,PS02,no_unambiguous_source_match,
school-b255b897b6a28ad3a68f,31112022,النزلة الأساسية للبنين,NLF,PS0255,PS02,no_unambiguous_source_match,
school-4d40ad84476ffc3679a4,31112046,فيصل بن فهد الثانوية للبنات,FSF-B,PS0255,PS02,no_unambiguous_source_match,
school-32cfad573139db1f20f1,31111045,أبو عبيدة بن الجراح الأساسية للبنين,AJSM-A,PS0255,PS02,no_unambiguous_source_match,
school-62f8b784bf78847b6cde,31111044,أبو عبيدة بن الجراح الثانوية للبنين,AJSM-A,PS0255,PS02,no_unambiguous_source_match,
school-88f87dad3c1c9d0d2828,31331706,النهضة النموذجية,RBLLF,PS0255,PS02,no_unambiguous_source_match,
school-f34c783c039d52fc0ce0,31210013,ذكور بيت لاهيا الإبتدائية ل,RBLLM,PS0255,PS02,no_unambiguous_source_match,
school-a28939a65c0aed002d16,31331712,  الهدى الخاصة,RBLLM,PS0255,PS02,no_unambiguous_source_match,
school-62d4822a3fdb9ed9eb5f,35111078,خولة بنت الأزور الثانوية للبنات,FU-H-B,PS0265,PS02,no_unambiguous_source_match,
school-d54307ef5cecc01e6cde,35111106,رودلف فلتر الأساسية المشتركة,FU-H-B,PS0265,PS02,no_unambiguous_source_match,
school-8213db98a752373180ad,35111014,"المنفلوطي الثانوية ""أ"" للبنين",MA-S-B-A,PS0265,PS02,no_unambiguous_source_match,
school-ee3283603fdde059adc4,35111071,"المنفلوطي الثانوية ""ب"" للبنين",MA-S-B-A,PS0265,PS02,no_unambiguous_source_match,
school-bee9941f48e7273c2156,35111102,"رودلف فلتر الأساسية ""أ"" للبنين",MA-S-B-B,PS0265,PS02,no_unambiguous_source_match,
school-2ce9a0a5c0ee0dafefbb,35111101,"رودلف فلتر الأساسية ""ب"" للبنين",MA-S-B-B,PS0265,PS02,no_unambiguous_source_match,
school-dc87f7a55dfee03b4826,35112109,بلال بن رباح الأساسية للبنين,BI-H-B,PS0265,PS02,no_unambiguous_source_match,
school-abda5697d5f8a5321cb5,35111096,مساعد بن عبدالله العازمي الأساسية المشتركة,BI-H-B,PS0265,PS02,no_unambiguous_source_match,
school-4ce6766e9080fe2ade85,35111094,عبد الله بن رواحة الأساسية المشتركة,RA-B,PS0265,PS02,no_unambiguous_source_match,
school-13e38665485c0c7ce0ac,35111051,عبد الله بن رواحة الأساسية للبنين,RA-B,PS0265,PS02,no_unambiguous_source_match,
school-8cf98d62f515587b0624,35111103,دير البلح الثانوية الصناعية,V-S,PS0265,PS02,no_unambiguous_source_match,
school-f110744211c405bd6e11,35210054,"ذكور دير البلح الإعدادية ""ج""",DA-NA,PS0265,PS02,no_unambiguous_source_match,
school-62ee7d5e9b619051d9ec,35111104,شهداء دير البلح الثانوية للبنات,BB-S-G-B,PS0265,PS02,no_unambiguous_source_match,
school-f39c9ca1d7b27fc24f6e,35111006,عبد الكريم العكلوك الأساسية للبنين,AK-B-B,PS0265,PS02,no_unambiguous_source_match,
school-3eb96e9d02c6463d913a,35111005,عبد الكريم العكلوك الثانوية للبنين,AK-B-B,PS0265,PS02,no_unambiguous_source_match,
school-8badec03511744979b54,35111047,دير البلح الأساسية المشتركة,AI-L-G,PS0265,PS02,no_unambiguous_source_match,
school-a0fcc887655f5f92a5c6,35111046,دير البلح الأساسية للبنين,AI-L-G,PS0265,PS02,no_unambiguous_source_match,
school-ead6c867e05ec90ad239,35111053,العائشية الأساسية المشتركة,AI-H-G,PS0265,PS02,no_unambiguous_source_match,
school-9da03c8260ab1ddb0be9,35111052,العائشية الأساسية للبنات,AI-H-G,PS0265,PS02,no_unambiguous_source_match,
school-18bf25f9ad9da37525b5,35331709,السيدة خديجة الخيرية الأساسية المشتركة,KHA-G,PS0265,PS02,no_unambiguous_source_match,
school-f17b3f8e109e65a0a223,35331708,الصلاح الخيرية الخاصة للبنين,KHA-G,PS0265,PS02,no_unambiguous_source_match,
school-6406ebf3f09f711ee70a,35210035,"بنات دير البلح الإعدادية ""أ""",D-B-P-G,PS0265,PS02,no_unambiguous_source_match,
school-9915c9411e0e364ddb48,35210005,دير البلح الإبتدائية المشت,D-B-E-CD-D,PS0265,PS02,no_unambiguous_source_match,
school-8496d65dd013ec21f3bf,35210050,دير البلح الإبتدائية المشت,D-B-E-CD-D,PS0265,PS02,no_unambiguous_source_match,
school-1daa3de2a4684e5d85ac,35210003,"ذكور دير البلح الإبتدائية """,D-B-E-CD-A,PS0265,PS02,no_unambiguous_source_match,
school-907828e0df5148d58ef9,35210002,"ذكور دير البلح الإعدادية ""أ""",D-B-E-CD-B,PS0265,PS02,no_unambiguous_source_match,
school-c52b2815e8168f99fa46,35331759,المناهل الأساسية الخاصة,RO-H-G,PS0265,PS02,no_unambiguous_source_match,
school-b466a3563b2687757b6c,35112006,ابن رشد الثانوية للبنات,AM-L-B-B,PS0265,PS02,no_unambiguous_source_match,
school-596ab4a88603395ef01a,35112107,عمورية الأساسية للبنين,AM-L-B-B,PS0265,PS02,no_unambiguous_source_match,
school-ebffde189285cfa2e1d0,35210033,"بنات النصيرات الإعدادية ""ج""",NU-P-CD-C,PS0265,PS02,no_unambiguous_source_match,
school-8c25771cd58603414f9c,35210034,النصيرات الإبتدائية المشتر,NU-E-CD-G,PS0265,PS02,no_unambiguous_source_match,
school-5aff3de0772e1d63e6f0,35210036,النصيرات الإعدادية  المشتر,NU-E-CD-G,PS0265,PS02,no_unambiguous_source_match,
school-050809c294ff14416a8e,35210019,"ذكور النصيرات الإعدادية ""أ""",NU-P-B-A,PS0265,PS02,no_unambiguous_source_match,
school-3138cdf5a6fba34efb15,35113020,ممدوح صيدم الثانوية للبنات,MIDDLE AREA,PS0265,PS02,no_unambiguous_source_match,
school-9ea6287cb7b8f3d96a48,35113021,الرياض الثانوية للبنات,KH-S-B-B,PS0265,PS02,no_unambiguous_source_match,
school-84a16ad988fb9d477999,35113024,مسقط النصيرات الثانوية للبنات,KH-S-B-B,PS0265,PS02,no_unambiguous_source_match,
school-c870612fc10c86659a01,35112105,شهداء النصيرات الثانوية للبنين,NU-S-B,PS0265,PS02,no_unambiguous_source_match,
school-9c707c0185854597e5e0,35210028,النصيرات الإبتدائية المشتر,NU-P-G-A,PS0265,PS02,no_unambiguous_source_match,
school-40ae47f37320096e692f,35210040,النصيرات الإعدادية  المشتر,NU-P-G-A,PS0265,PS02,no_unambiguous_source_match,
school-45abfb168f1c8cce689d,35210052,"ذكور النصيرات الأبتدائية ""د",NU-P-G-A,PS0265,PS02,no_unambiguous_source_match,
school-3e533404298774ec1326,35331756,خبيب الشرعية لتحفيظ القرآن الكريم,NU-P-G-A,PS0265,PS02,no_unambiguous_source_match,
school-1cf5c69d205ad2b5265e,35112103,العز بن عبد السلام الثانوية للبنين,NU-P-G-A,PS0265,PS02,no_unambiguous_source_match,
school-e21cd0461e1834f5380d,35210030,النصيرات الإبتدائية المشتر,NU-E-G-D,PS0265,PS02,no_unambiguous_source_match,
school-4f981fd2d3d08ef49d29,35210029,النصيرات الإبتدائية المشتر,NU-E-G-B,PS0265,PS02,no_unambiguous_source_match,
school-a53fde4bb02f642d64a3,35210049,"بنات النصيرات الإعدادية ""ب""",NU-P-G-B,PS0265,PS02,no_unambiguous_source_match,
school-9828726934ab2fa7f62e,35210031,"بنات النصيرات الإبتدائية  """,NU-E-CD-C,PS0265,PS02,no_unambiguous_source_match,
school-715b10b941b18a2ed42e,35111150,الأمل الأساسية المشتركة,OR-S-G,PS0260,PS02,no_unambiguous_source_match,
school-c185ffc9b51439a00553,35210024,"ذكور النصيرات الإبتدائية ""ب",NU-E-B-B,PS0265,PS02,no_unambiguous_source_match,
school-3dcec2e647c0ad52a907,35331757,المدرسة القرآنية الماليزية,NU-E-B-B,PS0265,PS02,no_unambiguous_source_match,
school-07feb56882ca48318813,35210053,المغراقة الإعدادية  المشتر,KY-L-G,PS0260,PS02,no_unambiguous_source_match,
school-83a84518854044e3e37c,35111140,الشهيد ابراهيم المقادمة الثانوية للبنين,KY-L-G,PS0260,PS02,no_unambiguous_source_match,
school-c633d0184065529220ad,35113029,النور والأمل الثانوية المشتركة للمكفوفين,KY-L-G,PS0260,PS02,no_unambiguous_source_match,
school-bf5791b905624f200a08,35111148,عدنان الغول الأساسية للبنين,KY-L-G,PS0260,PS02,no_unambiguous_source_match,
school-59cec3151351617aba25,35111136,صبرا وشاتيلا الثانوية للبنات,SW-S-G,PS0260,PS02,no_unambiguous_source_match,
school-ea559337d0435633afeb,35111159,عين الحلوة الأساسية المشتركة,SW-S-G,PS0260,PS02,no_unambiguous_source_match,
school-7a9adf91e3b332d1706a,35331758,الزهراء النموذجية الخاصة,ZA-NA,PS0260,PS02,no_unambiguous_source_match,
school-1aa74ff0fe7c00e25d69,35113008,ابن زيدون الأساسية المشتركة,ZA-L-B,PS0265,PS02,no_unambiguous_source_match,
school-a5e377aabc75faf6ed06,35113010,ابن زيدون الأساسية للبنين,ZA-L-B,PS0265,PS02,no_unambiguous_source_match,
school-5b36e581553b22b44f8e,35210012,"ذكور المغازي الإبتدائية ""ب""",MA-E-B-B,PS0265,PS02,no_unambiguous_source_match,
school-5979cdb6915f1aa9ee7d,35210011,"ذكور المغازي الإبتدائية ""أ""",MA-E-B-A,PS0265,PS02,no_unambiguous_source_match,
school-3747e28624ac0a2f00bb,35210014,"ذكور المغازي الإعدادية ""ب"" ل",MA-P-B,PS0265,PS02,no_unambiguous_source_match,
school-4cf09bbe382b1f06cb7f,35210037,"بنات المغازي الإعدادية ""أ""",MA-P-G,PS0265,PS02,no_unambiguous_source_match,
school-05e52156e0cab31b10b4,35210038,"بنات المغازي الإعدادية ""ب"" ل",MA-P-G,PS0265,PS02,no_unambiguous_source_match,
school-1cd903f9fef7a55820ee,35210009,المغازي الإبتدائية المشترك,MA-E-CD-C,PS0265,PS02,no_unambiguous_source_match,
school-d87cc095852ddc4c73cd,35111081,شهداء المغازي الثانوية للبنين,MA-S-G-A,PS0265,PS02,no_unambiguous_source_match,
school-c8dff20ebb246e79b405,35111079,مريم بنت عمران الثانوية للبنات,MA-S-G-A,PS0265,PS02,no_unambiguous_source_match,
school-9b69458124adf9a6305c,35210018,البريج الإبتدائية المشتركة,BU-E-CD-D,PS0265,PS02,ambiguous_name_or_multiple_features,way/300263129;way/41304972
school-99258a87f511da1e042c,35210017,البريج الإبتدائية المشتركة,BU-E-CD-B,PS0265,PS02,ambiguous_name_or_multiple_features,way/300263129;way/41304972
school-278b0be278312b0f515b,35210039,"ذكور البريج الإبتدائية "" أ """,BU-E-B-A,PS0265,PS02,no_unambiguous_source_match,
school-a870b545f092138550b8,35210041,"ذكور البريج الإبتدائية ""ب"" ل",BU-E-B-C,PS0265,PS02,no_unambiguous_source_match,
school-683060c6be9482da4471,35210016,"ذكور البريج الإعدادية ""ب"" لل",BU-P-B,PS0265,PS02,no_unambiguous_source_match,
school-8070d5da7c89ed886aca,35113063,"البريج الثانوية ""أ"" للبنات",BU-S-B-A,PS0265,PS02,no_unambiguous_source_match,
school-3410266035429b5f7117,35112106,"البريج الثانوية ""ب"" للبنات",BU-S-B-A,PS0265,PS02,no_unambiguous_source_match,
school-ac53d343ff51321dabf7,35113009,فتحي البلعاوي الأساسية للبنين,BU-S-B-A,PS0265,PS02,no_unambiguous_source_match,
school-8219b13bdc2ddc7f20a5,35113007,فتحي البلعاوي الثانوية للبنين,BU-S-B-A,PS0265,PS02,no_unambiguous_source_match,
school-01965757338177e6e91b,35111153,وفاء العامر الثانوية المشتركة,BU-S-G-B,PS0260,PS02,no_unambiguous_source_match,
school-eecc385472fc8a54f869,35210043,البريج الإبتدائية المشتركة,BU-E-CD-A,PS0265,PS02,ambiguous_name_or_multiple_features,way/300263129;way/41304972
school-ffc1290214a800b5cb78,35210044,البريج الإبتدائية المشتركة,QU-L-G,PS0260,PS02,no_unambiguous_source_match,
school-4906988a90fe148c9e24,35111161,زينب الريس الأساسية المشتركة,QU-L-G,PS0260,PS02,no_unambiguous_source_match,
school-b8e7448467ec9571eea4,35111165,عبد المعطي الريس المهنية الثانوية للبنات,QU-L-G,PS0260,PS02,no_unambiguous_source_match,
school-ceaa1b41bf19d7bb0868,35111147,قيساريا الثانوية المشتركة,QU-L-G,PS0260,PS02,no_unambiguous_source_match,
school-53ddb5289f95a9585fba,32210013,"بنات خان يونس الإبتدائية ""أ""",KH/YOUNIS ELEM GI,PS0270,PS02,no_unambiguous_source_match,
school-23f969d91ddfef85ad29,37210025,بنات بني سهيلا الإعدادية لل,B/SUHAILA-PREP-'I,PS0270,PS02,no_unambiguous_source_match,
school-a7f99e898cd0715e79ac,37210030,ذكور خزاعة الإبتدائية للاج,KHUZA.A-ELEM-CO-E,PS0270,PS02,no_unambiguous_source_match,
school-14a830b849bde26eeaf2,37210035,الفخاري الإبتدائية المشترك,FUKHARI-ELEM-CO-E,PS0270,PS02,no_unambiguous_source_match,
school-a277874ecb874bbe4064,37210050,بنات الفخاري الإعدادية للا,FUKHARI-ELEM-CO-E,PS0270,PS02,no_unambiguous_source_match,
school-ba0944dd147c67eb0e8d,37118501,احسان الأغا الثانوية للبنات,FUKHARI-ELEM-CO-E,PS0270,PS02,no_unambiguous_source_match,
school-0d1f841ec1353bd305a0,37210036,ذكور الفخاري الإبتدائية لل,FUKHARI-ELEM-CO-E,PS0270,PS02,no_unambiguous_source_match,
school-6a149e5eedf30b0f3224,37331704,الاوقاف الشرعية للبنات,MA.EN-ELEM-CO-ED-,PS0270,PS02,no_unambiguous_source_match,
school-cd93a9180ce5a9942859,32210002,"ذكور خان يونس الإبتدائية ""ج""",KH/YOUNS-ELEM-BOY,PS0270,PS02,no_unambiguous_source_match,
school-08ce2a2091cb784d99b4,32210022,خانيونس الإبتدائية المشترك,KH/YOUNS-ELEM-CO-,PS0270,PS02,no_unambiguous_source_match,
school-efb6cb0b98bdcbf13635,38210025,"ذكور صلاح الدين الإعدادية """,SALAH ELDEIN PREP,PS0260,PS02,no_unambiguous_source_match,
school-0d35683671a36a0b0ad1,38210038,المأمونية الإبتدائية المشت,ALMAAMOUNIYA PREP,PS0260,PS02,no_unambiguous_source_match,
school-a8890b16c8008b8d287d,38210007,"ذكور الشاطئ الإبتدائية ""أ"" ل",BEACH ELEM.M B,PS0260,PS02,no_unambiguous_source_match,
school-13395bdcab95bff31f83,38210030,ذكور غزة الجديدة الإبتدائي,NEW GAZA PREP. M,PS0260,PS02,no_unambiguous_source_match,
school-e2f9ed35bde65e7eedce,38210021,ذكور غزة الجديدة الإعدادية,NEW GAZA PREP.M A,PS0260,PS02,no_unambiguous_source_match,
school-380a0c610eb8542dfa1a,38210022,ذكور غزة الجديدة الإعدادية,NEW GAZA PREP.M A,PS0260,PS02,no_unambiguous_source_match,
school-c2f39fe36606bfaaba06,38210024,"ذكور الرمال الإعدادية ""ب"" لل",RIMAL PREP. M,PS0260,PS02,no_unambiguous_source_match,
school-cd8f80211a6cc490028a,38210011,ذكور غزة الجديدة الإبتدائي,NEW GAZA ELEM.M A,PS0260,PS02,no_unambiguous_source_match,
school-a713cbb4e9e2e79f4891,38210012,ذكور غزة الجديدة الإبتدائي,NEW GAZA ELEM. M,PS0260,PS02,no_unambiguous_source_match,
school-177792afb698151e124f,38210010,"ذكور الشاطئ الإبتدائية ""د"" ل",BEACH ELEM. M D,PS0260,PS02,no_unambiguous_source_match,
school-08bb031cc1ba3f476764,38210035,"بنات الشاطئ الإعدادية ""ب"" لل",BEACH PREP. F B,PS0260,PS02,no_unambiguous_source_match,
school-c030fc9acedfd8baea8c,38210014,الشاطئ الإبتدائية المشتركة,BEACH ELEM.CO-ED,PS0260,PS02,no_unambiguous_source_match,
school-ecdb2357f0d899651fc7,38210031,الشاطئ الإبتدائية المشتركة,BEACH ELEM.CO-ED,PS0260,PS02,no_unambiguous_source_match,
school-47821eb00b7b4a327d3e,38331764,الحياة الحديثة,ZAITOUN ELEM. M,PS0260,PS02,no_unambiguous_source_match,
school-cc07c067f381a44021e8,38113033,مصطفى حافظ الأساسية المشتركة,GAZA ELEM. CO-ED,PS0260,PS02,no_unambiguous_source_match,
school-101d2bfe17ade031ba53,38113032,مصطفى حافظ الأساسية للبنات,GAZA ELEM. CO-ED,PS0260,PS02,no_unambiguous_source_match,
school-c0dfcd1ee9e7096fc3ff,38210018,الرمال الإبتدائية المشتركة,BEACH ELEM. CO-ED,PS0260,PS02,no_unambiguous_source_match,
school-976279f2f7e00fb29a56,38210041,"أسماء الإبتدائية المشتركة """,BEACH ELEM.CO-ED,PS0260,PS02,no_unambiguous_source_match,
school-b783085b6ab755be7ce3,38115001,كفر قاسم الثانوية للبنات,BEACH ELEM.CO-ED,PS0260,PS02,no_unambiguous_source_match,
school-0cf8961afb7034ed1f5c,38210016,الشاطئ الإبتدائية المشتركة,BEACH ELEM. CO-ED,PS0260,PS02,no_unambiguous_source_match,
school-7e9090b59caee4069617,36210011,"بنات غزة الإعدادية ""ب"" للاجئ",DARAJ ELEM. CO-ED,PS0260,PS02,no_unambiguous_source_match,
school-2345939b10ada709c734,36210012,"الدرج الإبتدائية المشتركة """,DARAJ ELEM. CO-ED,PS0260,PS02,no_unambiguous_source_match,
school-6c17c26c1aa206efa7e3,36210014,"الدرج الإبتدائية المشتركة """,DARAJ ELEM. CO-ED,PS0260,PS02,no_unambiguous_source_match,
school-18a5df7eb3e165638fe5,36113011,"أسعد الصفطاوي الأساسية ""أ"" للبنين",DARAJ ELEM. CO-ED,PS0260,PS02,no_unambiguous_source_match,
school-702acc98af83fa8f873b,36113012,"أسعد الصفطاوي الأساسية ""ب"" للبنين",DARAJ ELEM. CO-ED,PS0260,PS02,no_unambiguous_source_match,
school-89d6667e537ff47468a2,36210007,"ذكور هاشم الإبتدائية "" أ "" لل",HASHEM ELEM. M  A,PS0260,PS02,no_unambiguous_source_match,
school-2e44208c0019c266b8c5,36210008,"ذكور هاشم الإبتدائية ""ب"" للا",HASHEM ELEM. M  B,PS0260,PS02,no_unambiguous_source_match,
school-08628286e1334d12aa7a,36331701,محمد البشير الابراهيمي الاساسية,HASHEM ELEM. M  B,PS0260,PS02,no_unambiguous_source_match,
school-c331fbd65d6c9042dcf4,36210024,"ذكور الشجاعية الإبتدائية ""ج",SHAJAIYA PREP. M,PS0260,PS02,no_unambiguous_source_match,
school-7f0c1db69289fed54f0d,36112011,أبو بكر الرازي الأساسية للبنين,SHAJAIYA PREP. M,PS0260,PS02,no_unambiguous_source_match,
school-3002b9a9553161514a9f,36210009,"ذكور الشجاعية الإعدادية ""أ""",SHAJAIYA ELEM.,PS0260,PS02,no_unambiguous_source_match,
school-f7f28e386ca6e4b1db6d,36210020,الشجاعية الإبتدائية المشتر,SHAJAIYA ELEM. CO,PS0260,PS02,no_unambiguous_source_match,
school-677504deb3b08d3d0f93,36210005,ذكور الفلاح الإعدادية للاج,FLAH PREP. M A,PS0260,PS02,no_unambiguous_source_match,
school-91a1177c2ba3af593720,36210006,ذكور الفلاح الإبتدائية للا,FLAH PREP.  M  B,PS0260,PS02,no_unambiguous_source_match,
school-1c1d287bb22299d63375,36210015,الزيتون الإبتدائية المشترك,ZAITOUN ELEM.CO-E,PS0260,PS02,no_unambiguous_source_match,
school-9fb43d479a36ca6b53ab,36210016,الزيتون الإبتدائية المشترك,ZAITOUN ELEM. CO-,PS0260,PS02,no_unambiguous_source_match,
school-7f85336164cde76900d0,36210018,الزيتون الإبتدائية المشترك,ZAITOUN PREP. F,PS0260,PS02,no_unambiguous_source_match,
school-268bf167a4a8e8667c40,36210004,ذكور  الإمام الشافعي الإبتد,IMAM SHAFAI ELEM.,PS0260,PS02,no_unambiguous_source_match,
school-fa8c320f0a0bd53d7da4,36210003,ذكور الإمام الشافعي الإبتد,IMAM SHAFAI  M  A,PS0260,PS02,no_unambiguous_source_match,
school-6a25abbd20f1e602a8b2,36331755,مكة المكرمة النموذجية الخاصة,MAKAH,PS0260,PS02,no_unambiguous_source_match,
school-ea19f5c07e2cdcf2bc78,36321760,المنارة الاساسية المشتركة,ALMNARAH,PS0260,PS02,no_unambiguous_source_match,
school-71ad500315571bf5ab6f,36311702,الاوقاف الشرعية للبنين,ALAWKAF,PS0260,PS02,no_unambiguous_source_match,
school-e2b15a695cc45bb6e74e,36112001,"بيت دجن الأساسية ""أ"" للبنين",ALAWKAF,PS0260,PS02,no_unambiguous_source_match,
school-5ea3450688c72d1c425d,36112002,"بيت دجن الأساسية ""ب"" للبنين",ALAWKAF,PS0260,PS02,no_unambiguous_source_match,
school-ed5607737dcf0560f20a,38331706,الأمريكية الدولية,ALMASHAEL,PS0260,PS02,no_unambiguous_source_match,
school-d34660d8c0fde68d564a,38360003,المتميزون الأساسية,ALURTHOTHEX,PS0260,PS02,no_unambiguous_source_match,
school-fb6adc8d74ddb3200105,38321708,بطريريكية الروم الأرثوذكس,ALURTHOTHEX,PS0260,PS02,no_unambiguous_source_match,
school-a6ebdbb898ba08f227c9,38331754,راهبات الوردية,ALWARDEYH,PS0260,PS02,no_unambiguous_source_match,
school-2caaf2404c6eceba2cc3,36210021,"بنات الزيتون الإعدادية ""ب"" ل",ALWEHDA,PS0260,PS02,no_unambiguous_source_match,
school-74127c8f33ef7b88f9b8,38331834,البريطانية الدولية,ALWEHDA,PS0260,PS02,no_unambiguous_source_match,
school-59c53c5ee0827e19791d,38331711,البسمة الحديثة,ALMAHD,PS0260,PS02,no_unambiguous_source_match,
school-14cb365d3109a63fccef,38331765,اوائل وقادة   Pioneers & Leaders School,ALMAHD,PS0260,PS02,no_unambiguous_source_match,
school-9f80d0af5f0f36946e50,36331757,دار الارقم الاساسية للبنين,ARQAM P BOYS,PS0260,PS02,no_unambiguous_source_match,
school-b4af84aee676b1649789,38360007,الطفل المبدع الاساسية,ARQAM P BOYS,PS0260,PS02,no_unambiguous_source_match,
school-76dee76e1ccfeadd8559,36112022,فهد الاحمد الصباح الآساسية للبنات,ARQAM P BOYS,PS0260,PS02,no_unambiguous_source_match,
school-863a2509e6fdfcc4ec0e,36112021,فهد الاحمد الصباح الثانوية للبنات,ARQAM P BOYS,PS0260,PS02,no_unambiguous_source_match,
school-8b6577a4f5edde884795,38331703,النصر الإسلامية,NAER P BOYS,PS0260,PS02,no_unambiguous_source_match,
school-177f2bb49f67cbb17c32,36111015,"الناصرة الأساسية ""أ"" للبنات",EL-NASRAH PREP. A,PS0260,PS02,no_unambiguous_source_match,
school-2b71e9304029e382ed63,36111016,"الناصرة الأساسية ""ب"" للبنات",EL-NASRAH PREP. A,PS0260,PS02,no_unambiguous_source_match,
school-405309c4c5facd5182b8,36113006,الرملة الأساسية للبنات,EL-RAMLAH PREP.GI,PS0260,PS02,no_unambiguous_source_match,
school-c5d1decd049650419fee,36113005,الرملة الثانوية للبنات,EL-RAMLAH PREP.GI,PS0260,PS02,no_unambiguous_source_match,
school-ac264751d1d0458f5378,38112004,الشيخ عجلين الأساسية للبنات,ELNOOR W ALAML,PS0260,PS02,no_unambiguous_source_match,
school-c6b236e0441f075e7a5e,38112003,محفوظ النحناح الأساسية للبنات,ELNOOR W ALAML,PS0260,PS02,no_unambiguous_source_match,
school-22bd9f26d0790b550d9a,38112001,أنس بن مالك الأساسية للبنين,EL-SWAFEER,PS0260,PS02,no_unambiguous_source_match,
school-f05cccccf7f4628788cd,38112006,مصطفى صادق الرافعي الثانوية للصم - بنين,EL-SWAFEER,PS0260,PS02,no_unambiguous_source_match,
school-42b5705d9b6c37e5b29d,38112005,مصطفى صادق الرافعي للصم الثانوية - بنات,EL-SWAFEER,PS0260,PS02,no_unambiguous_source_match,
school-c603b735bc850e8f7df8,38112012,سعاد الصباح الثانوية للبنين,ANS BIN MALEK PRE,PS0260,PS02,no_unambiguous_source_match,
school-49e94ff4175dc31a77a2,38112010,لولوة عبد الوهاب القطامي الأساسية للبنين,ANS BIN MALEK PRE,PS0260,PS02,no_unambiguous_source_match,
school-34f249a8eba89544163e,38210019,"ذكور الزيتون الإبتدائية ""ب""",OM ELQORA GIRLS,PS0260,PS02,no_unambiguous_source_match,
school-99a60bd84dbedacf03ab,38210029,ذكور مملكة البحرين الإعداد,OM ELQORA GIRLS,PS0260,PS02,no_unambiguous_source_match,
school-f79b817dbdf1b5bdf7b5,36210023,الزيتون الإبتدائية المشترك,OM ELQORA GIRLS,PS0260,PS02,no_unambiguous_source_match,
school-b7f1c275cc415b588873,38111002,أم القرى الأساسية المشتركة,OM ELQORA GIRLS,PS0260,PS02,no_unambiguous_source_match,
school-c9c1cb6cc91416bc9438,38111003,النيل الأساسية للبنين,ZUHAIR ELALMI,PS0260,PS02,no_unambiguous_source_match,
school-fb5c17f90f349e04c726,38111005,زهير العلمي الثانوية للبنين,ZUHAIR ELALMI,PS0260,PS02,no_unambiguous_source_match,
school-697f0551662610c9b0ba,38111001,فاطمة النجار الأساسية للبنين,EL NEEL PREP.,PS0260,PS02,no_unambiguous_source_match,
school-05ec114497354ef612be,38111004,تل الزهور الأساسية للبنات,TAL ELZHOUR,PS0260,PS02,no_unambiguous_source_match,
school-a2a212201a5a1ae33413,36111013,"اللد الأساسية ""أ"" للبنات",ALLED HIGH F,PS0260,PS02,no_unambiguous_source_match,
school-ec2b28609536899c6de8,36111014,"اللد الأساسية ""ب"" للبنات",ALLED HIGH F,PS0260,PS02,no_unambiguous_source_match,
school-b42c1109f6ff8e1c5896,36111011,"القسطل الأساسية ""أ"" للبنين",ALQASTEL LOW M B,PS0260,PS02,no_unambiguous_source_match,
school-c26cfcba78adbceced77,36111012,"القسطل الأساسية ""ب"" للبنين",ALQASTEL LOW M B,PS0260,PS02,no_unambiguous_source_match,
school-c64731d253e04d62fed4,36111009,"حطين الأساسية "" أ "" للبنين",ALQASTEL LOW M B,PS0260,PS02,no_unambiguous_source_match,
school-e0959fc8a130a30dabed,36111010,"حطين الأساسية "" ب "" للبنين",ALQASTEL LOW M B,PS0260,PS02,no_unambiguous_source_match,
school-4bfa697a84abe80c67ac,36111007,شهداء الشجاعية الثانوية للبنين,BAIT DAJEN HIGH M,PS0260,PS02,no_unambiguous_source_match,
school-5ecc16e5e92593c4a360,36112004,صبحي أبو كرش الأساسية المشتركة,ABU KARSH LOW COE,PS0260,PS02,no_unambiguous_source_match,
school-e82ee09a8668a63a8251,36112003,صبحي أبو كرش الأساسية للبنات,ABU KARSH LOW COE,PS0260,PS02,no_unambiguous_source_match,
school-f62003add6eb99405bbe,36111027,"بدر الأساسية ""أ"" للبنات",DLAL MUGHRABY SEC,PS0260,PS02,no_unambiguous_source_match,
school-89734febddb58cdb334b,36111028,"بدر الأساسية ""ب"" للبنات",DLAL MUGHRABY SEC,PS0260,PS02,no_unambiguous_source_match,
school-72f1b256814397aaf88d,36111029,"دلال المغربي الثانوية ""أ"" للبنات",DLAL MUGHRABY SEC,PS0260,PS02,no_unambiguous_source_match,
school-f428ab973020402eeef0,36111030,"دلال المغربي الثانوية""ب"" للبنات",DLAL MUGHRABY SEC,PS0260,PS02,no_unambiguous_source_match,
school-a02fb5bde9ec09ec85f4,38113004,الحسن البصري الأساسية المشتركة,ALKARMEL SEC M,PS0260,PS02,no_unambiguous_source_match,
school-d8deb291b2d479eca51a,38113001,الكرمل الثانوية للبنين,ALKARMEL SEC M,PS0260,PS02,no_unambiguous_source_match,
school-14a92d71cb64307ad005,38331760,المجد,ALHASAN ELBSRI LO,PS0260,PS02,no_unambiguous_source_match,
school-6ee9f82bf0ceb5343cb9,38113019,فلسطين الثانوية للبنين,ALQAHERA LOW COED,PS0260,PS02,no_unambiguous_source_match,
school-a3fb56d4defd9916f9a1,38113017,"القاهرة الأساسية ""أ"" للبنات",BASHEER ELRIES SE,PS0260,PS02,no_unambiguous_source_match,
school-ff1f6082bcf5306e8ca4,38113018,"القاهرة الأساسية ""ب"" للبنات",BASHEER ELRIES SE,PS0260,PS02,no_unambiguous_source_match,
school-ecaa505688e5a123f457,38360004,ياهلا,BASHEER ELRAIES S,PS0260,PS02,no_unambiguous_source_match,
school-bdccd4973627d52c49f9,38113021,"أمير المنسي الأساسية ""أ"" للبنين",BASHEER ELRAIES S,PS0260,PS02,no_unambiguous_source_match,
school-b252b1b42d07d7277d12,38113022,"أمير المنسي الأساسية ""ب"" للبنين",BASHEER ELRAIES S,PS0260,PS02,no_unambiguous_source_match,
school-313b961188af14b1cdbc,38116005,"الرافدين الأساسية ""أ"" المشتركة",SHOHADAA ELSHEKH,PS0260,PS02,no_unambiguous_source_match,
school-5bba6a01e60c207237aa,38116006,"الرافدين الأساسية ""ب"" المشتركة",SHOHADAA ELSHEKH,PS0260,PS02,no_unambiguous_source_match,
school-b940196145f9010dc286,38116007,"شهداء الشيخ رضوان الأساسية ""أ"" للبنين",SHOHADAA ELSHEKH,PS0260,PS02,no_unambiguous_source_match,
school-eaecb7f13ed944f4925b,38116008,"شهداء الشيخ رضوان الأساسية ""ب"" للبنين",SHOHADAA ELSHEKH,PS0260,PS02,no_unambiguous_source_match,
school-219a6b318f0c37961a19,38116001,الهدى الثانوية للبنات,ALZAHAWI HIGH M B,PS0260,PS02,no_unambiguous_source_match,
school-93654e6f320fa8372d29,38116003,"حمامة الأساسية "" أ "" للبنات",ALZAHAWI HIGH M B,PS0260,PS02,no_unambiguous_source_match,
school-4659b3879bdbb18f8354,38116004,"حمامة الأساسية ""ب"" للبنات",ALZAHAWI HIGH M B,PS0260,PS02,no_unambiguous_source_match,
school-c309b58ac9ff8106b8fd,38331760,المستقبل,ALFARABY LOW F B,PS0260,PS02,no_unambiguous_source_match,
school-04c9b7e2b5e43571d1de,38113011,"الفارابي الأساسية ""أ"" المشتركة",ALFARABY LOW F B,PS0260,PS02,no_unambiguous_source_match,
school-78520ad8cc532e02c4f9,38113012,"الفارابي الأساسية ""ب"" المشتركة",ALFARABY LOW F B,PS0260,PS02,no_unambiguous_source_match,
school-0a579f9fdf353b981d7d,38113013,"المعتصم بالله الأساسية ""أ"" للبنين",ALFARABY LOW F B,PS0260,PS02,no_unambiguous_source_match,
school-0b6b32412a530f6d3d7a,38113014,"المعتصم بالله الأساسية ""ب"" للبنين",ALFARABY LOW F B,PS0260,PS02,no_unambiguous_source_match,
school-8407c1c40f9310e6b486,38360005,ريهام الحديثة,ALMUTASEM LOW M A,PS0260,PS02,no_unambiguous_source_match,
school-f9ff7e8662ecbe0f34e3,36331763,الهدى الخاصة ا,ALI BIN ABY TALEB,PS0260,PS02,no_unambiguous_source_match,
school-70661ac04388891b0643,36114016,الفرقان الأساسية المشتركة,ALI BIN ABY TALEB,PS0260,PS02,no_unambiguous_source_match,
school-e725ca5b39666d691cb2,36114018,جعفر بن أبي طالب الأساسية المشتركة,ALI BIN ABY TALEB,PS0260,PS02,no_unambiguous_source_match,
school-00a39e1d8dcf25c4db8c,36114015,جعفر بن أبي طالب الأساسية للبنين,ALI BIN ABY TALEB,PS0260,PS02,no_unambiguous_source_match,
school-15e9b312c731a5f8b260,36114038,علي بن أبي طالب الثانوية للبنات,ALI BIN ABY TALEB,PS0260,PS02,no_unambiguous_source_match,
school-0234b3c0ae759a78efac,36114009,"عين جالوت الأساسية "" أ "" للبنات",AIN JALOOT HIGH F,PS0260,PS02,no_unambiguous_source_match,
school-faa027c7445ca508bbce,36114010,"عين جالوت الأساسية ""ب"" للبنات",AIN JALOOT HIGH F,PS0260,PS02,no_unambiguous_source_match,
school-735ce90bfcd1a6b7028b,36114014,"سمية بنت خياط الأساسية ""أ"" المشتركة",AIN JALOOT LOW F,PS0260,PS02,no_unambiguous_source_match,
school-662bb54689c9219a4f02,36114013,"سمية بنت خياط الأساسية ""ب"" المشتركة",AIN JALOOT LOW F,PS0260,PS02,no_unambiguous_source_match,
school-eeb7b52bfa1070fcbac2,36114031,"حسن النخال الأساسية "" أ "" للبنين",ALWEHDA,PS0260,PS02,no_unambiguous_source_match,
school-183b2b96b92b6a1374ba,36114033,"حسن النخال الأساسية "" ب "" للبنين",ALWEHDA,PS0260,PS02,no_unambiguous_source_match,
school-7c9d859e8643eb907209,36114008,هاشم عطا الشوا الأساسية للبنات,HASHEM ALSHAWA SE,PS0260,PS02,no_unambiguous_source_match,
school-9ac67a1905195501237a,36114007,هاشم عطا الشوا الثانوية للبنات,HASHEM ALSHAWA SE,PS0260,PS02,no_unambiguous_source_match,
school-95b523854e692eed2812,36114023,"الزيتون الأساسية ""أ"" المشتركة",ALMAJDEL HIGH F,PS0260,PS02,no_unambiguous_source_match,
school-03d60fa760d8df5d79f6,36114024,"الزيتون الأساسية ""ب"" المشتركة",ALMAJDEL HIGH F,PS0260,PS02,no_unambiguous_source_match,
school-d27c4dbe7c2a81d45328,36114027,"المجدل الأساسية ""أ"" للبنات",ALMAJDEL HIGH F,PS0260,PS02,no_unambiguous_source_match,
school-ade46efb1f5b81602ca7,36114028,"المجدل الأساسية ""ب"" للبنات",ALMAJDEL HIGH F,PS0260,PS02,no_unambiguous_source_match,
school-c6e95243bcc98ce713b5,38113024,حسن الحرازين الثانوية للبنين,PALESTINE SEC.M,PS0260,PS02,no_unambiguous_source_match,
school-ca82a5272f6ee506de7f,38113027,"خليل الوزير الأساسية ""أ"" للبنين",ALYARMOOK HIGH M,PS0260,PS02,no_unambiguous_source_match,
school-1d5e0ed37410f32715ce,38113028,"خليل الوزير الأساسية ""ب"" للبنين",ALYARMOOK HIGH M,PS0260,PS02,no_unambiguous_source_match,
school-5c4336c9039261289193,38113025,"سليمان سلطان الأساسية ""أ"" للبنين",ALYARMOOK HIGH M,PS0260,PS02,no_unambiguous_source_match,
school-0555ce618a105fea2fa1,38113026,"سليمان سلطان الأساسية ""ب"" للبنين",ALYARMOOK HIGH M,PS0260,PS02,no_unambiguous_source_match,
school-be4ee284004945319d83,38113036,اليرموك الثانوية للبنين,ALYARMOOK H M B,PS0260,PS02,no_unambiguous_source_match,
school-2fdb9f3f460b1ee6401c,38113010,الماجدة وسيلة بن عمار الأساسية للبنات,ALMAJDA WASEELA H,PS0260,PS02,no_unambiguous_source_match,
school-30e1f747ee481a9d8693,38113009,الماجدة وسيلة بن عمار الثانوية للبنات,ALMAJDA WASEELA H,PS0260,PS02,no_unambiguous_source_match,
school-fd1a61e402c4c1e491f8,38331709,دار السلام,ALAQSA LOW,PS0260,PS02,no_unambiguous_source_match,
school-574119eb25dc5bacc256,38331758,الشيخ عبد اللطيف الخزندار,ALBURAQ LOW F,PS0260,PS02,no_unambiguous_source_match,
school-b356f9d1376ab1806296,38113005,"الأقصى الأساسية ""أ"" للبنين",ALBURAQ LOW BOYS,PS0260,PS02,no_unambiguous_source_match,
school-bea5650e77ed4918becc,38113006,"الأقصى الأساسية ""ب"" للبنين",ALBURAQ LOW BOYS,PS0260,PS02,no_unambiguous_source_match,
school-e93b180811c77886e050,38113007,"البراق الأساسية ""أ"" المشتركة",ALBURAQ LOW BOYS,PS0260,PS02,no_unambiguous_source_match,
school-566c6104f298ef71dc91,38113008,"البراق الأساسية ""ب"" المشتركة",ALBURAQ LOW BOYS,PS0260,PS02,no_unambiguous_source_match,
school-28db301f62cb24b75180,38115012,"حسن سلامة الأساسية ""أ"" المشتركة",HASAN SLAMAH HIGH,PS0260,PS02,no_unambiguous_source_match,
school-cc5dc24aa00789b51d49,38115013,"حسن سلامة الأساسية ""ب"" المشتركة",HASAN SLAMAH HIGH,PS0260,PS02,no_unambiguous_source_match,
school-005bed778bd86f018e35,38115014,رامز فاخرة الأساسية للبنات,RAMEZ FAKHRH SEC.,PS0260,PS02,no_unambiguous_source_match,
school-38b14c9701f12769417e,36115002,الإمام الشافعي الأساسية للبنين,ALSHAFEE HIGH M,PS0260,PS02,no_unambiguous_source_match,
school-104dc1f78948358aebeb,36115001,الإمام الشافعي الثانوية للبنين,ALSHAFEE HIGH M,PS0260,PS02,no_unambiguous_source_match,
school-bcd62843bef83459c93c,36114025,"شهداء الزيتون الثانوية "" أ "" للبنين",SHUHADAA ALZAYTOO,PS0260,PS02,no_unambiguous_source_match,
school-b0ab808871e1c96c67a1,36114026,"شهداء الزيتون الثانوية "" ب "" للبنين",SHUHADAA ALZAYTOO,PS0260,PS02,no_unambiguous_source_match,
school-e6adbe9ba133ff383ae6,36114019,"الحرية الأساسية ""أ"" للبنين",ALHURYA LOW M,PS0260,PS02,no_unambiguous_source_match,
school-40d5696bcd513d81baa0,36114020,"الحرية الأساسية ""ب"" للبنين",ALHURYA LOW M,PS0260,PS02,no_unambiguous_source_match,
school-8b3faf659a35bca5f6ea,36114021,"صفد الأساسية ""أ"" للبنين",ALHURYA LOW M,PS0260,PS02,no_unambiguous_source_match,
school-0d277b7dd99c900c7d1f,36114022,"صفد الأساسية ""ب"" للبنين",ALHURYA LOW M,PS0260,PS02,no_unambiguous_source_match,
school-8e68734e81e6398bfe99,36321706,البطريركية اللاتينية,ALZAYTOON LOW F B,PS0260,PS02,no_unambiguous_source_match,
school-f4075f6fb5eca90532be,36113003,"ابن الهيثم الأساسية ""أ"" للبنين",IBN  ALHAITHAM LO,PS0260,PS02,no_unambiguous_source_match,
school-c6535ac2137409641cde,36113004,"ابن الهيثم الأساسية ""ب"" للبنين",IBN  ALHAITHAM LO,PS0260,PS02,no_unambiguous_source_match,
school-f5424c3f7999b78893a0,36113001,"هاشم الأساسية ""أ"" المشتركة",IBN  ALHAITHAM LO,PS0260,PS02,no_unambiguous_source_match,
school-62425e9ebc35797d3a3e,36113002,"هاشم الأساسية ""ب"" المشتركة",IBN  ALHAITHAM LO,PS0260,PS02,no_unambiguous_source_match,
school-1b97d9d2f5ec6a2ca64c,36113010,الزهراء الأساسية للبنات,ALZAHRA SEC.F B,PS0260,PS02,no_unambiguous_source_match,
school-cce0e416c8e2a78a8d2e,38360002,المروج الأساسية,ALSHAREQH SEC.M,PS0260,PS02,no_unambiguous_source_match,
school-cdfe0749edb5245674d0,38115008,الشارقة الأساسية للبنين,ALSHAREQH SEC.M,PS0260,PS02,no_unambiguous_source_match,
school-d0d877287884ab273acb,38115003,شهداء الشاطئ الثانوية للبنات,ALSHAREQH SEC.M,PS0260,PS02,no_unambiguous_source_match,
school-2498e977a511091a4a24,38115009,ابن سينا الأساسية للبنات,SALAH KHALAF HIGH,PS0260,PS02,no_unambiguous_source_match,
school-aa590c50c661551904d7,38115005,صلاح خلف الأساسية للبنات,SALAH KHALAF HIGH,PS0260,PS02,no_unambiguous_source_match,
school-cbe500f71ac8accd09bc,38115007,خالد العلمي الأساسية للبنين,KHALED ALALAAMI S,PS0260,PS02,no_unambiguous_source_match,
school-deff50b438607183e5a6,38115022,عدنان العلمي الثانوية للبنين,KHALED ALALAAMI S,PS0260,PS02,no_unambiguous_source_match,
school-71f854843aea36fd96be,31112042,التفوق الأساسية المشتركة,JULES HIGH M,PS0255,PS02,no_unambiguous_source_match,
school-cbc5c473adfa3c9dda63,38115018,أبوذر الغفاري الثانوية للبنين,JULES HIGH M,PS0260,PS02,no_unambiguous_source_match,
school-11f4e92e4a05413095e7,38115010,التقوى الثانوية للبنين,JULES HIGH M,PS0260,PS02,no_unambiguous_source_match,
school-289db18d21ee4cc58ca8,38115026,جولس الثانوية للبنين,JULES HIGH M,PS0260,PS02,no_unambiguous_source_match,
school-4dd3e334b0b8470c7e74,38115030,سامي العلمي الثانوية للبنين,JULES HIGH M,PS0260,PS02,no_unambiguous_source_match,
school-948a947dc07437f40c54,38115024,أسدود الأساسية للبنين,ABU THUR ALGHAFRI,PS0260,PS02,no_unambiguous_source_match,
school-1dd6595a3a42b359f3f0,38115028,صرفند الأساسية للبنين,ABU THUR ALGHAFRI,PS0260,PS02,no_unambiguous_source_match,
school-72ab59bf1229c7ebe8ef,38115020,الزهاوي الأساسية للبنين,HAMAMH HIGH F,PS0260,PS02,no_unambiguous_source_match,
school-23f6d0f80b9e558c4d83,38116015,"أسماء بنت أبي بكر الأساسية ""أ"" المشتركة",ASMAA  BENT  ABY,PS0260,PS02,no_unambiguous_source_match,
school-2927781935c3e163217c,38116016,"أسماء بنت أبي بكر الأساسية ""ب"" المشتركة",ASMAA  BENT  ABY,PS0260,PS02,no_unambiguous_source_match,
school-cb1a5321f89e3d106ec1,38116011,"عبد الملك بن مروان الأساسية ""أ"" المشتركة",ASMAA  BENT  ABY,PS0260,PS02,no_unambiguous_source_match,
school-c69acc311befbe26dc02,38116023,"عبد الملك بن مروان الأساسية ""ب"" المشتركة",ASMAA  BENT  ABY,PS0260,PS02,no_unambiguous_source_match,
school-8a0e6d3e12ed11c5f2ba,38116021,الشيخ عبدالله الدحيان الثانوية للبنات,ABD ELRHMAN BIN O,PS0260,PS02,no_unambiguous_source_match,
school-f96a1d6a903178c90e0a,38116033,عبد الرحمن بن عوف الأساسية المشتركة,ABD ELRHMAN BIN O,PS0260,PS02,no_unambiguous_source_match,
school-a177a998e8bd4e88e0ce,38116032,عبد الرحمن بن عوف الأساسية للبنات,ABD ELRHMAN BIN O,PS0260,PS02,no_unambiguous_source_match,
school-bbf55860034a77f92528,38116020,مصعب بن عمير الأساسية للبنات,ABD ELRHMAN BIN O,PS0260,PS02,no_unambiguous_source_match,
school-64f77dcdf99f6ff51620,38116026,"عمرو بن العاص الأساسية "" أ "" للبنين",AMR BIN ELAAS HIG,PS0260,PS02,no_unambiguous_source_match,
school-a4f97a5baae44e8c7bcb,38116027,"عمرو بن العاص الأساسية ""ب"" للبنين",AMR BIN ELAAS HIG,PS0260,PS02,no_unambiguous_source_match,
school-5173792a24f39b3935a7,31112020,زينب الوزير الأساسية المشتركة,FAHD ELAHMED LOW,PS0255,PS02,no_unambiguous_source_match,
school-b7f6c9aedc6d174f2ced,31112021,زينب الوزير الأساسية للبنين,FAHD ELAHMED LOW,PS0255,PS02,no_unambiguous_source_match,
school-a55ef7cd1095cb8521c9,36112013,شهداء غزة الأساسية للبنين,SHUHADAA GAZA LOW,PS0260,PS02,no_unambiguous_source_match,
school-861acd33f9e39cf22f79,36113015,موسى بن نصير الأساسية للبنين,MUSSA BIN NUSAIR,PS0260,PS02,no_unambiguous_source_match,
school-e9613897f37f362ab0ac,36112023,مسقط التفاح الأساسية للبنات,MUSSA BIN NUSAIR,PS0260,PS02,no_unambiguous_source_match,
school-7a90a185c9ccb27fa124,38331763,فاطمة الزهراء الشرعية,ALJERJAWI LOW B,PS0260,PS02,no_unambiguous_source_match,
school-47e476ae339d16a72b2e,36113022,فهمي الجرجاوي الأساسية المشتركة,ALJERJAWI LOW B,PS0260,PS02,no_unambiguous_source_match,
school-60d310181287440f10fc,36113021,فهمي الجرجاوي الأساسية للبنات,ALJERJAWI LOW B,PS0260,PS02,no_unambiguous_source_match,
school-27293a01c3ae96a55ca2,36112017,عبد الفتاح حمود الثانوية للبنين,ABD ALFTAH HMOUD,PS0260,PS02,no_unambiguous_source_match,
school-809028da0dca53d4c069,36112020,يافا الأساسية للبنين,ABD ALFTAH HMOUD,PS0260,PS02,no_unambiguous_source_match,
school-0db326f571057e6b0a4b,36112019,يافا الثانوية للبنين,ABD ALFTAH HMOUD,PS0260,PS02,no_unambiguous_source_match,
school-5a5e0139aa310d2be564,36113013,"صلاح الدين الأساسية ""أ"" للبنين",ASAAD ALSFTAWI LO,PS0260,PS02,no_unambiguous_source_match,
school-99466c92ba3191b7b41a,36113014,"صلاح الدين الأساسية ""ب"" للبنين",ASAAD ALSFTAWI LO,PS0260,PS02,no_unambiguous_source_match,
school-68f5972759b6149ae799,36331756,دار الارقم الثانوية للبنين,SHAABAN ALRAYIS H,PS0260,PS02,no_unambiguous_source_match,
school-aa4d62ebd8a9f5db81e8,36112007,شعبان الريس الثانوية للبنات,SAED BIN MUATH LO,PS0260,PS02,no_unambiguous_source_match,
school-5f19c70a85353f9b6ed0,36210010,"ذكور الشجاعية الإعدادية ""ب""",ALRAZI HIGH M B,PS0260,PS02,no_unambiguous_source_match,
school-3dc2a519a7afda9f9c4c,36112008,سعد بن معاذ الأساسية المشتركة,ALRAZI HIGH M B,PS0260,PS02,no_unambiguous_source_match,
school-66646e0a940872413e13,36112009,سعد بن معاذ الأساسية للبنين,ALRAZI HIGH M B,PS0260,PS02,no_unambiguous_source_match,
school-202d40c45a3092790761,36331753,التعليم المطور ( Brainy Bunch),ALKARAMH LOW F A,PS0260,PS02,no_unambiguous_source_match,
school-1dbdbfa738003e7be5c6,36112006,الكرامة الأساسية للبنات,ALKARAMH LOW F A,PS0260,PS02,no_unambiguous_source_match,
school-200a4cb4d186520a8f07,36114005,خليل النوباني الثانوية للبنات,ALNOBANY  SEC.F,PS0260,PS02,no_unambiguous_source_match,
school-71281d0ca64e5c9639f6,36114006,عبد الرؤوف الشريف الأساسية للبنين,ALNOBANY LOW F,PS0260,PS02,no_unambiguous_source_match,
school-08bae789cfb9df79d486,36114004,بيسان الأساسية للبنات,BISAN F,PS0260,PS02,no_unambiguous_source_match,
school-810e2f0736fd962a40a0,36114036,تونس الأساسية المشتركة,BISAN F,PS0260,PS02,no_unambiguous_source_match,
school-eb61eec56593b3d51f1a,36114034,صبحة الحرازين الأساسية للبنين,BISAN F,PS0260,PS02,no_unambiguous_source_match,
school-d2835975e26fa14c8766,36111001,جمال عبد الناصر الثانوية للبنين,JAMAL ABD ALNASER,PS0260,PS02,no_unambiguous_source_match,
school-da920504ed0725975597,36111005,معاذ بن جبل الأساسية للبنين,MUAATH BIN JABLE,PS0260,PS02,no_unambiguous_source_match,
school-bb48c5ed78495bac9d4f,36111003,عمر بن عبد العزيز الأساسية للبنين,OMAR BIN ABD ALAZ,PS0260,PS02,no_unambiguous_source_match,
school-dc960451406944ae332c,36112015,التفاح الأساسية المشتركة,ALTUFAH LOW F B,PS0260,PS02,no_unambiguous_source_match,
school-ba14c3efe7ce47b9e0bb,36112016,التفاح الأساسية للبنات,ALTUFAH LOW F B,PS0260,PS02,no_unambiguous_source_match,
school-16810c72dfbc3d299998,38116010,عرفات للموهوبين الثانوية بنات,YASER ARAFAT SEC.,PS0260,PS02,no_unambiguous_source_match,
school-36e2820a2172aa523950,38116009,عرفات للموهوبين الثانوية بنين,YASER ARAFAT SEC.,PS0260,PS02,no_unambiguous_source_match,
school-6d1dabeeac0ebbd74417,38113030,أحمد شوقي الثانوية للبنات,MUSTAFA HAFETH HI,PS0260,PS02,no_unambiguous_source_match,
school-3d164e783daf4c39226c,34112095,الشوكة الثانوية للبنات,Shouka Elem BoysShouka Prep Girls,PS0275,PS02,no_unambiguous_source_match,
school-9dd78869fd700be6e0ef,34210003,"ذكور رفح الإبتدائية ""ب"" للاج","Rafah Elem. Boys ""B""Rafah Elem. Boys ""E""",PS0275,PS02,no_unambiguous_source_match,
school-61ee3b3b0a801fc7a0a4,34210004,"ذكور رفح الإبتدائية ""هـ"" للا","Rafah Elem. Boys ""B""Rafah Elem. Boys ""E""",PS0275,PS02,no_unambiguous_source_match,
school-9858723f90ae4127010a,34210019,"رفح الإبتدائية المشتركة ""أ""","Rafah Elem. Co-ed ""A""Rafah Elem. Co-ed ""E""",PS0275,PS02,no_unambiguous_source_match,
school-3741475554bdec415b43,34210021,بنات الخنساء الإبتدائية لل,Khansa Elem. GirlsRafah Elem. Girls,PS0275,PS02,no_unambiguous_source_match,
school-fd5ff5747b81e9d3b712,34210012,ذكور رفح الإعدادية الجديدة,"Rafah Prep. Boys ""B""New Rafah  Prep. Boys",PS0275,PS02,no_unambiguous_source_match,
school-80c6e33f7313ca506f8d,34210006,ذكور ابن سينا الإبتدائية  ل,"Rafah Elem. Boys ""C""Ibn Sina Elem. Boys",PS0275,PS02,no_unambiguous_source_match,
school-dd10b5ce57cfaa0d84ce,34210013,"ذكور رفح الإعدادية ""ج"" للاجئ","Rafah Prep. Boys ""E""Rafah Prep. Boys ""C""",PS0275,PS02,no_unambiguous_source_match,
school-6c19d643d03c623676bc,34210015,"ذكور رفح الإعدادية ""و"" للاجئ","Rafah Prep. Boys ""F""Rafah Prep. Boys ""G""",PS0275,PS02,no_unambiguous_source_match,
school-b0bd6314ed954e87aae6,34210033,بنات تل السلطان الإعدادية ل,Tal Sultan Prep. GirlsTal Sultan Elem Coed,PS0275,PS02,no_unambiguous_source_match,
school-b5e33fd5c1153fa41923,34210034,تل السلطان الإبتدائية المش,Tal Sultan Prep. GirlsTal Sultan Elem Coed,PS0275,PS02,no_unambiguous_source_match,
school-f466eec7d4e5bed07304,34210045,"رفح الإبتدائية المشتركة""د""","Rafah Elem. Co-ed ""D""-AMRafah Elem. Co-ed ""D""-PM",PS0275,PS02,no_unambiguous_source_match,
school-4fcf3202fae007cc5e57,34210041,"بنات رفح الإعدادية ""ج"" للاجئ","Rafah Prep. Girls ""C""-AMRafah Prep. Girls ""C""-PM",PS0275,PS02,no_unambiguous_source_match,
school-493dcaf8b451e329ee49,34210035,ذكور مكة المكرمة الإعدادية,Makka Almukkaramah Prep Boys-AMMakka Almukkaramah*,PS0275,PS02,no_unambiguous_source_match,
school-5fd87965a70e612191d8,34210037,جدة الإبتدائية المشتركة لل,Jeddah Elem Coed-AMJeddah Elem Coed-PM,PS0275,PS02,no_unambiguous_source_match,
school-3e0da866ada6aed3e918,34210038,ذكور الرياض الإبتدائية للا,Al Madina Al Munawarah Prep Coed - AMAl Madina Al*,PS0275,PS02,no_unambiguous_source_match,
school-441c927413854a0cdab5,34210039,المدينة المنورة الإعدادية,Al Madina Al Munawarah Prep Coed - AMAl Madina Al*,PS0275,PS02,no_unambiguous_source_match,
school-fabb06443ea6095bc7bd,34112052,أحمد ياسين الثانوية للبنين,Al Madina Al Munawarah Prep Coed - AMAl Madina Al*,PS0275,PS02,no_unambiguous_source_match,
school-969c11c2a83e9543b527,34111079,فتحي الشقاقي الثانوية بنين,Al Madina Al Munawarah Prep Coed - AMAl Madina Al*,PS0275,PS02,no_unambiguous_source_match,
school-af05d29adbd6dd7318ef,34112093,شفا عمرو الأساسية للبنات,Shouka Prep Boys - AMShouka Prep Boys -PM,PS0275,PS02,no_unambiguous_source_match,
school-f958ca1095fd598ee1cd,34112090,شفا عمرو الثانوية للبنات,Shouka Prep Boys - AMShouka Prep Boys -PM,PS0275,PS02,no_unambiguous_source_match,
school-c85dce8a7dfe5cbf26b9,37210029,بنات خزاعة الإبتدائية للاج,Khuza'a Elem. GirlsKhuza'a Elem. Boys,PS0270,PS02,no_unambiguous_source_match,
school-daf49eb5d107ce5c2ae6,37210046,ذكور خزاعة الإعدادية للاجئ,Khuza'a Elem. GirlsKhuza'a Elem. Boys,PS0270,PS02,no_unambiguous_source_match,
school-2e10b44a24c61989efbf,37210045,أبو طعيمة الإعدادية المشتر,Abu Tue'ma Prep. Co-ed -AMAbu Tue'ma Prep. Co-ed *,PS0270,PS02,no_unambiguous_source_match,
school-bbf1e6475297e7a58ea5,37210034,ذكور معن الإبتدائية للاجئي,Ma'en Elem. Co-edMa'en Elem. Boys,PS0270,PS02,no_unambiguous_source_match,
school-15c65e2c432530f62772,37210047,بنات معن الإعدادية للاجئات,Ma'en Elem. Co-edMa'en Elem. Boys,PS0270,PS02,no_unambiguous_source_match,
school-d0a01e40bf72b81ddd50,37112093,أم سلمة الأساسية للبنات,Ma'en Elem. Co-edMa'en Elem. Boys,PS0270,PS02,no_unambiguous_source_match,
school-22caf659d942e15c00e1,37112094,أم سلمة الثانوية للبنات,Ma'en Elem. Co-edMa'en Elem. Boys,PS0270,PS02,no_unambiguous_source_match,
school-06ae2548a3cb769040f3,37210026,بني سهيلا الإبتدائية المشت,"Kh/Younis Prep Girls ""B""Kh/Younis Elem Coed ""D""",PS0270,PS02,no_unambiguous_source_match,
school-ceb38c46ed6b0420003d,37210027,الفارابي الإبتدائية المشتر,"Bani Suhaila Elem Coed ""A""Farabi Elem. Co-ed",PS0270,PS02,no_unambiguous_source_match,
school-9b2869dcea14a7b0c51f,37210032,"عبسان الإبتدائية المشتركة ""","Abasan Elem. Co-ed ""A""Abasan Elem. Co-ed ""B""",PS0270,PS02,no_unambiguous_source_match,
school-4b10e6f14373ee62a611,32210019,"بنات خان يونس الإعدادية ""أ""","Kh/Younis Prep. ""A"" GirlsMustafa Hafez Elem. Co-ed",PS0270,PS02,no_unambiguous_source_match,
school-0b89660801c99ff2de20,32210020,مصطفى حافظ الإبتدائية المش,"Kh/Younis Prep. ""A"" GirlsMustafa Hafez Elem. Co-ed",PS0270,PS02,no_unambiguous_source_match,
school-d74c1c21699d7f7ec950,32210009,"ذكور خان يونس الإبتدائية ""ب""","Kh/Younis Elem. Boys ""B""Kh/Younis Elem. Boys ""D""",PS0270,PS02,no_unambiguous_source_match,
school-3965180e06624ee57fef,32210039,"بنات خان يونس الإعدادية ""ب""","B/shuhia Prep girlsB/shuhia Elem Coed ""B""",PS0270,PS02,no_unambiguous_source_match,
school-eb38bbf9744e36d9847c,32210014,"بنات خان يونس الإبتدائية ""ب""","Kh/Younis Elem. Girls ""A""Kh/Younis Elem. Girls ""B""",PS0270,PS02,no_unambiguous_source_match,
school-766e55cbf037a3128326,32210016,"بنات خان يونس الإبتدائية ""د""","Kh/Younis Elem. Boys ""A""Kh/Younis Elem. Boys ""C""",PS0270,PS02,no_unambiguous_source_match,
school-cf38936e76014fe1213b,32210001,"ذكور خان يونس الإبتدائية ""أ""","Kh/Younis Elem. Girls ""C""Kh/Younis Elem. Girls ""D""",PS0270,PS02,no_unambiguous_source_match,
school-116c7f3c7f2589bcea4f,32210018,خان يونس الإبتدائية المشتر,"Kh/Younis Elem. Co-ed ""A""Kh/Younis Elem. Co-ed ""B""",PS0270,PS02,no_unambiguous_source_match,
school-28ca279f6d20f330b061,32210004,"ذكور خانيونس الإعدادية ""ج"" ل","Kh/Younis Prep. Boys ""A""Kh/Younis Prep. Boys ""C""",PS0270,PS02,no_unambiguous_source_match,
school-d1e673608e6884700593,32111088,عكا الثانوية للبنات,"Kh/Younis Prep. Boys ""A""Kh/Younis Prep. Boys ""C""",PS0270,PS02,no_unambiguous_source_match,
school-35e7495279db009fffe2,32210005,"ذكور خانيونس الإعدادية ""ب"" ل","Kh/Younis Prep. Boys ""B""Kh/Younis Prep. Boys ""D""",PS0270,PS02,no_unambiguous_source_match,
school-0c13a439bb5b0ba71eb1,32210006,"ذكور خانونيس الإعدادية ""د"" ل","Kh/Younis Prep. Boys ""B""Kh/Younis Prep. Boys ""D""",PS0270,PS02,no_unambiguous_source_match,
school-d928624a45570a575a74,32111025,المواصي الثانوية للبنين,"Kh/Younis Prep. Boys ""B""Kh/Younis Prep. Boys ""D""",PS0270,PS02,no_unambiguous_source_match,
school-8ccfc471bdbb3677de76,32210041,خانيونس الإعدادية المشتركة,New Kh/Younis Prep. Coed -AMNew Kh/Younis Prep. C*,PS0270,PS02,no_unambiguous_source_match,
school-c6ed3ba21a0f1ff150dd,32111094,الجنان الثانوية للبنين,New Kh/Younis Prep. Coed -AMNew Kh/Younis Prep. C*,PS0270,PS02,no_unambiguous_source_match,
school-0f250c4ec63c5f7c2d18,32210042,بنات الأمل الابتدائية للاج,Al Amal Prep. Coed -AMAl Amal Prep. Coed-PM,PS0270,PS02,no_unambiguous_source_match,
school-5166a63f9349e15333a1,32210043,بنات الأمل الإعدادية للاجئ,Al Amal Prep. Coed -AMAl Amal Prep. Coed-PM,PS0270,PS02,no_unambiguous_source_match,
school-7d6e1fdaa49a9bfe9ea1,32210044,ذكور الأمل الابتدائية للاج,Al Amal Prep. Coed -AMAl Amal Prep. Coed-PM,PS0270,PS02,no_unambiguous_source_match,
school-ccd4de4f8343be259c38,37210038,القرارة الإبتدائية المشترك,Qarara Prep. Co-edQarara Elem. Co-ed,PS0270,PS02,no_unambiguous_source_match,
school-120f42e825579f3178cd,37210039,ذكور القرارة الإعدادية للا,Qarara Prep. Co-edQarara Elem. Co-ed,PS0270,PS02,no_unambiguous_source_match,
school-d967f46896011bfe2c72,35210007,دير البلح الإبتدائية المشت,"D/Balah Elem. Co-ed ""C""D/Balah Elem. Co-ed ""D""",PS0265,PS02,no_unambiguous_source_match,
school-1ad9545cfe9a1ca350d3,35210008,دير البلح الإبتدائية المشت,"D/Balah Elem. Co-ed ""C""D/Balah Elem. Co-ed ""D""",PS0265,PS02,no_unambiguous_source_match,
school-3ec1808d436d0258ffb6,35210001,"ذكور دير البلح الإبتدائية ""","D/Balah Prep. Boys AD/Balah Elem. Boys ""A""",PS0265,PS02,no_unambiguous_source_match,
school-7cc545ba44f8faac750a,35210006,"بنات دير البلح الإعدادية ""ب""","D/Balah Prep. Girls ""A""D/Balah Prep. Girls ""B""",PS0265,PS02,no_unambiguous_source_match,
school-7e20b5ede39f3c6e353d,35111107,رفيدة الأسلمية الثانوية للبنات,"D/Balah Prep. Girls ""A""D/Balah Prep. Girls ""B""",PS0265,PS02,no_unambiguous_source_match,
school-60f265ba0c19f656ce9b,35210010,المغازي الإبتدائية المشترك,"Maghazi Elem. Coed""A""Maghazi Elem. Coed ""B""",PS0265,PS02,no_unambiguous_source_match,
school-da83cdd0d97e4653c708,35210013,"ذكور المغازي الإعدادية ""أ"" ل",Maghazi Prep. Boys AMaghazi Prep. Boys B,PS0265,PS02,no_unambiguous_source_match,
school-2c56223c932aaf28f53f,35210020,"ذكور النصيرات الإبتدائية ""أ","Nusierat Prep. Boys ""B""Nusierat  Prep Boys "" D """,PS0265,PS02,no_unambiguous_source_match,
school-83712c8d8005088ba313,35210046,"بنات النصيرات الإعدادية "" د","Nusierat Prep. Boys ""B""Nusierat  Prep Boys "" D """,PS0265,PS02,no_unambiguous_source_match,
school-b4816e27593b35ca52f8,35210027,"بنات النصيرات الإعدادية ""أ""","Nuseirat Prep. Girls ""A""New Nuseirat Elem. Co-ed",PS0265,PS02,no_unambiguous_source_match,
school-f522690a16962d204917,35210021,"ذكور النصيرات الإعدادية ""ب""","Nuseirat Elem. Coed ""B""Nuseirat Elem. Coed ""D""",PS0265,PS02,no_unambiguous_source_match,
school-616154b31c46f5d2fc08,35210025,النصيرات الإبتدائية المشتر,"Nuseirat Elem. Co-ed ""F""Nuseirat Elem. Co-ed ""A""",PS0265,PS02,no_unambiguous_source_match,
school-4b448ec55a3498b18e7d,35210045,البريج الإبتدائية المشتركة,"Bureij Elem. Co-ed ""C""-AMBureij Elem. Co-ed ""C""-PM",PS0265,PS02,ambiguous_name_or_multiple_features,way/300263129;way/41304972
school-869fb63ceefc44157473,35210015,"ذكور البريج الإعدادية ""أ"" لل",Bureij Prep. Boys ABureij Prep. Boys B,PS0265,PS02,no_unambiguous_source_match,
school-5d4834cc738b1d1a5228,35210047,"بنات البريج الإعدادية ""أ"" لل","Bureij Prep. Girls "" A ""Bureij Prep. Girls "" B """,PS0265,PS02,no_unambiguous_source_match,
school-1b14807661dfb0490198,35210048,"بنات البريج الإعدادية ""ب"" لل","Bureij Prep. Girls "" A ""Bureij Prep. Girls "" B """,PS0265,PS02,no_unambiguous_source_match,
school-5cb92adce23e4bf995ec,35210023,"ذكور النصيرات الإعدادية ""ج""","Nusierat Prep. Boys ""C""Nusierat Elem. Boys ""B""",PS0265,PS02,ambiguous_name_or_multiple_features,way/41305099;way/41306596;way/41307977;way/41308916;way/71147015
school-0686005cd0c74d117f1b,35113027,العروبة الثانوية للبنات,"Nuseirat Elem. Co-ed ""C""Nuseirat Elem. Co-ed ""E""",PS0265,PS02,ambiguous_name_or_multiple_features,node/505026282;node/505032761
school-7e822abfb6d25b26494d,35210026,النصيرات الإبتدائية المشتر,"Nusierat Elem Boys""C""Nusierat Elem Boys""D""",PS0265,PS02,no_unambiguous_source_match,
school-b5184aac5395c9e8e563,36210017,"بنات الزيتون الإعدادية ""أ"" ل","Zaitoun Elem. Co-ed ""C""Zaitoun Prep.Girls ""A""",PS0260,PS02,no_unambiguous_source_match,
school-1870d379bfc18941f55a,38210001,"ذكور الزيتون الإعدادية ""أ"" ل","Zaitoun Elem. Co-ed ""A""Zaitoun Elem. Co-ed ""B""",PS0260,PS02,no_unambiguous_source_match,
school-7093c6f744ca8331928f,38210002,"ذكور الزيتون الإبتدائية ""أ""","Zaitoun Elem. Co-ed ""A""Zaitoun Elem. Co-ed ""B""",PS0260,PS02,no_unambiguous_source_match,
school-90bb42a191b921ab07e0,38210003,"غزة الإبتدائية المشتركة ""أ""","Zaitoun Elem. Co-ed ""A""Zaitoun Elem. Co-ed ""B""",PS0260,PS02,no_unambiguous_source_match,
school-a218d9086b2704ee5caa,38210004,"غزة الإبتدائية المشركة ""ب"" ل","Zaitoun Elem. Co-ed ""A""Zaitoun Elem. Co-ed ""B""",PS0260,PS02,no_unambiguous_source_match,
school-04bc08fd8a2b59c043bf,38210005,بنات الرمال الإعدادية للاج,"Zaitoun Elem. Co-ed ""A""Zaitoun Elem. Co-ed ""B""",PS0260,PS02,no_unambiguous_source_match,
school-1ad98c669800e4fa49d5,38210006,"غزة الإبتدائية المشتركة ""ج""","Zaitoun Elem. Co-ed ""A""Zaitoun Elem. Co-ed ""B""",PS0260,PS02,no_unambiguous_source_match,
school-b4079775b7fa027539f3,36210013,"بنات غزة الإعدادية ""أ"" للاجئ","Gaza Prep. Girls ADaraj Elem. Co-ed ""B""",PS0260,PS02,no_unambiguous_source_match,
school-e3c96d4a442d868c674b,36210019,الشجاعية  الإبتدائية المشت,"Shajaiya Elem. Co-ed ""A""Shajaiya Elem. Co-ed ""B""",PS0260,PS02,no_unambiguous_source_match,
school-ec77523e6968112f9d32,38210026,"ذكور صلاح الدين الإعدادية """,Salah Eddin Prep. Boys ASalah Eddin Prep. Boys B,PS0260,PS02,no_unambiguous_source_match,
school-04101c37dd101cbfafee,38210039,بنات المأمونية الإعدادية ل,Mamouniya Prep. GirlsMamouniya Elem Coed,PS0260,PS02,no_unambiguous_source_match,
school-42ac1f3aa2cbccfab1d0,38210017,الشاطئ الإبتدائية المشتركة,"Beach Elem. Co-ed ""C""Rimal Elem. Co-ed",PS0260,PS02,no_unambiguous_source_match,
school-6889bd2a14ee357dcbb6,38210020,ذكور غزة الجديدة الإبتدائي,"New Gaza Elem Boys ""C""New Gaza Elem. Boys ""D""",PS0260,PS02,no_unambiguous_source_match,
school-48819b63914a1bc41937,38210008,"ذكور الشاطئ الإبتدائية ""ب"" ل","Beach Elem. Boys ""A""Beach Elem. Boys ""B""",PS0260,PS02,no_unambiguous_source_match,
school-cf2e8b6ca0073df4fb57,38210023,"ذكور الرمال الإعدادية ""أ"" لل",Rimal Prep. Boys ARimal Prep. Boys B,PS0260,PS02,no_unambiguous_source_match,
school-9a7c804e859d7f5657f0,38210027,"أسماء الإبتدائية المشتركة """,Asma' Elem. Co-ed AAsma' Elem. Co-ed B,PS0260,PS02,no_unambiguous_source_match,
school-e98a52231ddcbe1d0fd9,38210028,"أسماء الإبتدائية المشتركة """,Asma' Elem. Co-ed AAsma' Elem. Co-ed B,PS0260,PS02,no_unambiguous_source_match,
school-cba07457896d4432f903,38210037,الشاطئ الإبتدائية المشتركة,"Beach Elem. Co-ed ""F""Asma' Elem .Coed ""D""",PS0260,PS02,no_unambiguous_source_match,
school-327fceca68eb09089caa,38210040,"أسماء الإبتدائية المشتركة ""","Beach Elem. Co-ed ""D""Beach Elem. Boys  ""E""",PS0260,PS02,no_unambiguous_source_match,
school-29382793ad425f0e9854,38210013,الشاطئ الإبتدائية المشتركة,"Beach Elem. Co-ed ""A""Beach Elem. Co-ed ""E""",PS0260,PS02,no_unambiguous_source_match,
school-1f617599eb828185ae8c,38210032,"ذكور الشاطئ الإبتدائية ""هـ""","Beach Prep. Girls ""A""Asma' Elem .Coed ""C""",PS0260,PS02,no_unambiguous_source_match,
school-86f038d7f824de98686a,38210033,"بنات الشاطيء الإعدادية "" أ ""","Beach Prep. Girls ""A""Asma' Elem .Coed ""C""",PS0260,PS02,no_unambiguous_source_match,
school-ed16bc921cd943f4aa8e,38210015,الشاطئ الإبتدائية المشتركة,"Beach Elem. Co-ed ""B""Beach Elem. Co-ed ""G""",PS0260,PS02,no_unambiguous_source_match,
school-b121479f18523a0a5cc3,38210036,"بنات الشاطئ الإعدادية ""ج"" لل","Beach Prep. Girls ""B""Beach Prep. Girls ""C""",PS0260,PS02,no_unambiguous_source_match,
school-a4c461962960ee154bcd,38210009,"ذكور الشاطئ الإبتدائية ""ج"" ل","Beach Elem. Boys ""C""Beach Elem. Boys ""D""",PS0260,PS02,no_unambiguous_source_match,
school-6df79c53c73ed2f0ee19,36210022,"الدرج الإبتدائية المشتركة ""","PA: Daraj Elem. Co-ed ""C"" - AMDaraj Elem. Co-ed ""*",PS0260,PS02,no_unambiguous_source_match,
school-78320986404138f75ff7,36210001,"ذكور الشجاعية الإبتدائية ""أ","PA:Shajaiya Elem. Boys "" A "" -AMShajaiya Elem. Bo*",PS0260,PS02,no_unambiguous_source_match,
school-70a3b3ea4fa7f6bb6f3b,36111023,"العباس بن عبد المطلب الأساسية ""أ"" للبنات","PA:Shajaiya Elem. Boys "" B "" - AMShajaiya Elem. B*",PS0260,PS02,no_unambiguous_source_match,
school-35d04524f8d5ca5c5fcb,36111024,"العباس بن عبد المطلب الأساسية ""ب"" للبنات","PA:Shajaiya Elem. Boys "" B "" - AMShajaiya Elem. B*",PS0260,PS02,no_unambiguous_source_match,
school-c01d1b0c675e150164c5,36111025,"شهداء المنطار الأساسية ""أ"" للبنات","PA:Shajaiya Elem. Boys "" B "" - AMShajaiya Elem. B*",PS0260,PS02,no_unambiguous_source_match,
school-c8db31b7d74b2730cba2,36111026,"شهداء المنطار الأساسية ""ب"" للبنات","PA:Shajaiya Elem. Boys "" B "" - AMShajaiya Elem. B*",PS0260,PS02,no_unambiguous_source_match,
school-b69255b6d3198cc232f9,36111021,"معين بسيسو الأساسية ""أ"" للبنين","PA:Shajaiya Elem. Boys "" B "" - AMShajaiya Elem. B*",PS0260,PS02,no_unambiguous_source_match,
school-3dd59e47387a4bcb5175,36111022,"معين بسيسو الأساسية ""ب"" للبنين","PA:Shajaiya Elem. Boys "" B "" - AMShajaiya Elem. B*",PS0260,PS02,no_unambiguous_source_match,
school-e9683bb7e70e71e9092c,36111017,"الشجاعية الأساسية ""أ"" للبنات",PA:Shajaiya Prep. Boys B - AMShajaiya Prep. Boys *,PS0260,PS02,no_unambiguous_source_match,
school-5d7f11619365dc763bce,36111018,"الشجاعية الأساسية ""ب"" للبنات",PA:Shajaiya Prep. Boys B - AMShajaiya Prep. Boys *,PS0260,PS02,no_unambiguous_source_match,
school-231303b18d36ec9efafe,36111019,"الشجاعية الثانوية ""أ"" للبنات",PA:Shajaiya Prep. Boys B - AMShajaiya Prep. Boys *,PS0260,PS02,no_unambiguous_source_match,
school-5635867f74f67c41aa30,36111020,"الشجاعية الثانوية ""ب"" للبنات",PA:Shajaiya Prep. Boys B - AMShajaiya Prep. Boys *,PS0260,PS02,no_unambiguous_source_match,
school-1f4d72f84cf7e5aac49a,38360008,الزهرات الاربعة الاساسية الخاصة,"PA:Zaitoun Elem Coed "" D "" - AMZaitoun Elem Coed *",PS0260,PS02,no_unambiguous_source_match,
school-552d6169c2461c290818,38111007,السيدة رقية الأساسية للبنات,PA: Zaitoun Elem. Boys - AMZaitoun Elem. Boys - PM,PS0260,PS02,no_unambiguous_source_match,
school-018fb93afa3ef2f4af43,31210006,"ذكور جباليا الإعدادية ""هـ""","Jabalia Prep. Boys ""A""Jabalia Prep. Boys ""E""",PS0255,PS02,no_unambiguous_source_match,
school-10ef5024b97d14bce641,31210007,"ذكور جباليا الإعدادية ""ب"" لل","Jabalia Elem. Boys ""B""Jabalia Elem. Boys ""D""",PS0255,PS02,no_unambiguous_source_match,
school-68bc4aa644136f8c39db,31210009,ذكور الأيوبية الإبتدائية ل,"Jabalia Elem. Boys ""C""Ayyoubiya Elem. Boys",PS0255,PS02,no_unambiguous_source_match,
school-705347d1ae7b53997800,31210002,"ذكور جباليا الإبتدائية ""هـ""","Jabalia Elem. Boys ""A""Jabalia Elem. Boys ""E""",PS0255,PS02,no_unambiguous_source_match,
school-4f0795b3ed0248cdd63f,31210020,حفصة الإبتدائية المشتركة ل,"Jabalia Prep. Girls ""B""Hafsa Elem. Coed",PS0255,PS02,no_unambiguous_source_match,
school-0d6857d73fbbb7c8fde4,31210003,"ذكور الفاخورة الإعدادية ""أ""",Al Fakhoura Prep Boys “ B “Al Fakhoura Prep Bo,PS0255,PS02,no_unambiguous_source_match,
school-ac354f5d0ad0f1dfc149,31210014,بيت لاهيا الإبتدائية المشت,Khalifa Bin Zayed Elem Co-edKhalifa Bin Zayed Ele*,PS0255,PS02,no_unambiguous_source_match,
school-0d23f733a47a0ca646c3,31210037,خليل عويضة الإبتدائية المش,Khalil Uwaida Elem. Co-edKhalil Uwaida Prep. Girls,PS0255,PS02,no_unambiguous_source_match,
school-2eef0fe0da1291cb2a96,31113056,غازي الشوا الثانوية للبنين,Khalil Uwaida Elem. Co-edKhalil Uwaida Prep. Girls,PS0255,PS02,no_unambiguous_source_match,
school-731fe76ca98cdfe9f92a,31210033,بيت حانون الإبتدائية المشت,"B/Hanoun Elem. Co-ed ""B""B/Hanoun Elem. Co-ed ""C""",PS0255,PS02,no_unambiguous_source_match,
school-58dc484105572d274132,31210028,"ذكور بيت حانون الإعدادية ""ج""","B/Hanoun Prep. Boys ""A""B/Hanoun Prep. Boys ""C""",PS0255,PS02,no_unambiguous_source_match,
school-3f4c23d6da89af6d50ec,31210027,"ذكور بيت حانون الإعدادية ""أ""","B/Hanoun Elem. Co-ed ""A""B/Hanoun Elem. Co-ed ""D""",PS0255,PS02,no_unambiguous_source_match,
school-becf3de17098a30a7904,31210031,بيت حانون الإبتدائية المشت,"B/Hanoun Elem. Co-ed ""A""B/Hanoun Elem. Co-ed ""D""",PS0255,PS02,no_unambiguous_source_match,
school-f22699be9cc3ba41cf6a,31111017,مهدية الشوا الثانوية للبنين,"B/Hanoun Elem. Co-ed ""A""B/Hanoun Elem. Co-ed ""D""",PS0255,PS02,no_unambiguous_source_match,
school-afa69b164e36244f307d,31210038,"بنات بيت حانون الإعدادية ""ب""","B/Hanoun Prep. Girls "" A ""B/Hanoun Prep. Girls "" *",PS0255,PS02,no_unambiguous_source_match,
school-8bba9b314dda59b8ec33,31111002,هايل عبد الحميد الثانوية للبنات,"B/Hanoun Prep. Girls "" A ""B/Hanoun Prep. Girls "" *",PS0255,PS02,no_unambiguous_source_match,
school-a59d94b42803263a10ca,35210055,"بنات دير البلح الإعدادية ""ج""",     Dar El Balah prep girls C,PS0265,PS02,no_unambiguous_source_match,
